tripletId,ans1,ans2,ans3
t0000,a,a,b
t0001,b,a,a
t0002,a,a,a
t0003,b,a,b
t0004,b,b,b
t0005,a,a,a
t0006,a,a,a
t0007,a,a,a
t0008,a,a,a
t0009,a,a,b
t0010,b,a,a
t0011,a,a,b
t0012,a,a,b
t0013,b,b,a
t0014,b,b,a
t0015,a,a,b
t0016,a,a,b
t0017,b,b,a
t0018,a,a,a
t0019,a,a,b
t0020,a,a,b
t0021,a,a,a
t0022,a,a,a
t0023,b,b,a
t0024,b,b,a
t0025,a,a,a
t0026,a,a,a
t0027,a,b,b
t0028,a,a,b
t0029,a,a,a
t0030,a,a,b
t0031,a,a,b
t0032,a,a,b
t0033,b,b,b
t0034,b,b,a
t0035,a,a,b
t0036,a,a,b
t0037,a,a,a
t0038,a,a,a
t0039,a,b,b
t0040,a,a,b
t0041,a,a,a
t0042,a,a,a
t0043,b,b,a
t0044,a,b,b
t0045,a,b,a
t0046,a,a,b
t0047,a,a,b
t0048,a,a,b
t0049,a,a,b
t0050,a,a,a
t0051,a,a,b
t0052,a,a,b
t0053,b,b,a
t0054,b,b,a
t0055,a,a,b
t0056,a,b,b
t0057,a,b,a
t0058,a,a,b
t0059,a,a,b
t0060,a,a,a
t0061,a,a,a
t0062,a,a,b
t0063,b,b,a
t0064,b,b,b
t0065,a,a,a
t0066,b,a,a
t0067,b,a,a
t0068,a,a,a
t0069,a,a,a
t0070,a,a,a
t0071,a,a,b
t0072,a,a,a
t0073,b,b,a
t0074,b,b,a
t0075,a,b,b
t0076,a,a,b
t0077,b,a,b
t0078,a,a,a
t0079,a,a,b
t0080,a,a,a
t0081,a,a,b
t0082,a,a,a
t0083,a,b,b
t0084,b,b,b
t0085,a,a,a
t0086,b,a,a
t0087,b,b,a
t0088,a,a,a
t0089,a,b,a
t0090,a,a,a
t0091,a,a,b
t0092,a,a,b
t0093,b,b,b
t0094,b,b,a
t0095,a,a,b
t0096,a,a,b
t0097,a,b,b
t0098,a,a,a
t0099,a,a,b
t0100,a,a,b
t0101,a,a,a
t0102,a,a,a
t0103,b,b,a
t0104,b,b,a
t0105,a,a,a
t0106,b,a,a
t0107,a,a,a
t0108,a,a,b
t0109,a,a,a
t0110,a,a,b
t0111,a,a,a
t0112,a,a,a
t0113,a,b,a
t0114,b,b,a
t0115,a,a,b
t0116,a,a,b
t0117,a,b,a
t0118,a,b,a
t0119,b,b,b
t0120,a,a,b
t0121,a,a,a
t0122,a,a,a
t0123,b,b,b
t0124,b,b,b
t0125,a,a,a
t0126,a,a,a
t0127,b,b,b
t0128,a,a,b
t0129,a,a,b
t0130,a,a,a
t0131,a,a,b
t0132,a,a,b
t0133,b,b,a
t0134,b,b,a
t0135,a,a,a
t0136,a,a,b
t0137,a,a,b
t0138,a,a,a
t0139,a,a,b
t0140,b,a,b
t0141,a,a,a
t0142,a,a,b
t0143,b,b,b
t0144,b,b,a
t0145,a,a,a
t0146,a,a,a
t0147,b,a,a
t0148,a,a,b
t0149,b,a,a
t0150,a,a,a
t0151,a,a,b
t0152,a,a,b
t0153,b,b,a
t0154,b,b,a
t0155,a,a,b
t0156,a,a,b
t0157,a,a,a
t0158,a,a,b
t0159,a,a,a
t0160,a,a,a
t0161,a,a,a
t0162,a,a,a
t0163,b,b,b
t0164,b,b,b
t0165,a,a,a
t0166,a,a,a
t0167,a,b,a
t0168,a,a,a
t0169,a,a,a
t0170,a,a,a
t0171,a,a,b
t0172,a,a,b
t0173,b,b,b
t0174,b,b,a
t0175,a,a,b
t0176,b,a,b
t0177,b,a,a
t0178,a,a,a
t0179,a,a,a
t0180,a,a,a
t0181,a,a,a
t0182,a,a,a
t0183,b,b,a
t0184,b,b,a
t0185,a,a,a
t0186,a,a,a
t0187,a,b,b
t0188,a,a,a
t0189,a,a,a
t0190,b,b,b
t0191,b,a,a
t0192,a,a,b
t0193,b,a,a
t0194,b,b,a
t0195,b,a,b
t0196,b,a,b
t0197,a,a,a
t0198,a,a,a
t0199,a,a,b
t0200,a,a,b
t0201,a,a,a
t0202,a,a,a
t0203,b,b,a
t0204,b,b,b
t0205,a,b,a
t0206,a,a,a
t0207,a,a,b
t0208,a,b,b
t0209,a,a,b
t0210,a,a,a
t0211,a,a,a
t0212,a,a,b
t0213,b,b,b
t0214,b,b,b
t0215,a,a,b
t0216,a,a,a
t0217,b,a,b
t0218,a,a,a
t0219,a,b,b
t0220,a,a,b
t0221,a,a,b
t0222,a,a,b
t0223,a,b,b
t0224,b,b,b
t0225,a,a,a
t0226,a,a,a
t0227,b,a,a
t0228,a,a,b
t0229,a,b,a
t0230,b,a,a
t0231,a,a,b
t0232,a,a,b
t0233,b,b,a
t0234,b,b,a
t0235,a,a,b
t0236,a,a,b
t0237,a,b,a
t0238,a,a,b
t0239,b,b,a
t0240,a,a,a
t0241,a,a,a
t0242,a,a,a
t0243,b,a,b
t0244,b,b,b
t0245,a,a,a
t0246,b,a,a
t0247,a,a,a
t0248,a,a,a
t0249,a,a,a
t0250,a,a,a
t0251,a,a,b
t0252,a,a,b
t0253,a,b,a
t0254,b,b,a
t0255,a,a,b
t0256,a,a,b
t0257,a,a,b
t0258,a,a,a
t0259,a,a,b
t0260,a,a,b
t0261,a,a,a
t0262,a,a,a
t0263,b,b,a
t0264,b,b,a
t0265,a,a,a
t0266,b,a,a
t0267,a,b,b
t0268,a,a,b
t0269,b,a,a
t0270,a,a,b
t0271,a,b,a
t0272,a,a,b
t0273,b,b,b
t0274,a,b,a
t0275,a,a,b
t0276,b,a,b
t0277,b,a,a
t0278,a,a,a
t0279,a,a,b
t0280,a,a,b
t0281,a,a,a
t0282,a,a,a
t0283,b,b,b
t0284,b,b,b
t0285,a,a,a
t0286,a,a,b
t0287,b,a,b
t0288,a,a,b
t0289,a,a,b
t0290,a,a,a
t0291,a,a,b
t0292,a,a,b
t0293,b,b,a
t0294,b,b,a
t0295,a,a,a
t0296,b,a,a
t0297,b,b,a
t0298,a,a,a
t0299,b,a,b
t0300,a,a,b
t0301,a,a,a
t0302,a,a,b
t0303,b,b,b
t0304,b,b,b
t0305,a,a,b
t0306,b,a,a
t0307,a,b,a
t0308,a,a,b
t0309,b,a,a
t0310,a,a,a
t0311,a,a,a
t0312,a,a,b
t0313,b,b,a
t0314,b,b,a
t0315,a,a,b
t0316,b,a,b
t0317,b,a,a
t0318,a,a,b
t0319,a,a,a
t0320,a,a,b
t0321,a,a,a
t0322,a,a,a
t0323,b,b,b
t0324,b,b,b
t0325,a,a,a
t0326,a,a,a
t0327,a,b,a
t0328,a,a,a
t0329,a,a,b
t0330,b,b,a
t0331,a,a,b
t0332,a,a,a
t0333,b,b,b
t0334,b,b,a
t0335,a,a,b
t0336,a,a,b
t0337,b,b,b
t0338,a,a,a
t0339,a,a,a
t0340,a,a,a
t0341,a,a,a
t0342,a,a,a
t0343,b,b,a
t0344,a,b,a
t0345,a,a,b
t0346,b,a,a
t0347,a,a,b
t0348,a,a,a
t0349,a,a,a
t0350,a,a,b
t0351,a,a,a
t0352,a,a,b
t0353,a,b,b
t0354,b,b,a
t0355,a,a,b
t0356,a,a,b
t0357,a,b,a
t0358,a,a,a
t0359,a,a,b
t0360,a,a,b
t0361,a,a,a
t0362,a,a,a
t0363,b,b,b
t0364,b,b,b
t0365,a,a,a
t0366,b,a,a
t0367,b,a,b
t0368,a,a,b
t0369,a,a,a
t0370,a,a,a
t0371,a,a,a
t0372,a,a,b
t0373,b,b,a
t0374,b,b,a
t0375,a,a,b
t0376,a,a,a
t0377,a,b,a
t0378,a,a,a
t0379,a,a,b
t0380,a,a,b
t0381,a,a,b
t0382,a,a,b
t0383,a,b,a
t0384,b,b,b
t0385,a,a,b
t0386,a,a,a
t0387,b,a,a
t0388,a,a,b
t0389,a,a,a
t0390,a,a,b
t0391,a,a,a
t0392,a,a,b
t0393,a,b,a
t0394,b,b,a
t0395,a,a,b
t0396,b,a,a
t0397,a,a,a
t0398,a,a,b
t0399,a,b,b
t0400,a,a,a
t0401,a,a,a
t0402,a,a,a
t0403,b,b,b
t0404,b,b,b
t0405,a,a,a
t0406,a,b,a
t0407,b,a,a
t0408,a,a,a
t0409,a,a,b
t0410,a,b,a
t0411,a,b,b
t0412,b,a,b
t0413,b,b,a
t0414,a,b,a
t0415,a,a,b
t0416,b,a,b
t0417,b,b,b
t0418,a,a,a
t0419,a,b,b
t0420,a,a,b
t0421,a,a,a
t0422,b,a,a
t0423,b,a,a
t0424,b,b,a
t0425,a,a,a
t0426,b,a,a
t0427,a,a,b
t0428,a,a,a
t0429,a,a,a
t0430,a,a,b
t0431,b,a,a
t0432,a,a,b
t0433,a,a,b
t0434,b,b,a
t0435,a,a,b
t0436,a,a,b
t0437,b,a,a
t0438,a,a,a
t0439,b,b,b
t0440,a,a,b
t0441,a,a,a
t0442,a,a,a
t0443,b,b,a
t0444,a,b,b
t0445,a,a,a
t0446,a,b,b
t0447,a,b,b
t0448,a,a,b
t0449,b,b,b
t0450,a,a,a
t0451,a,a,b
t0452,b,a,b
t0453,b,b,a
t0454,b,b,a
t0455,a,a,b
t0456,a,a,a
t0457,b,b,a
t0458,a,a,a
t0459,a,b,b
t0460,a,a,a
t0461,a,a,b
t0462,a,a,b
t0463,b,b,b
t0464,a,b,b
t0465,a,a,a
t0466,a,a,a
t0467,a,a,b
t0468,a,a,b
t0469,a,a,b
t0470,a,a,a
t0471,a,a,b
t0472,a,a,b
t0473,b,b,a
t0474,b,b,a
t0475,a,a,a
t0476,a,b,b
t0477,a,b,a
t0478,a,a,a
t0479,b,b,a
t0480,a,a,a
t0481,a,a,a
t0482,a,a,a
t0483,b,b,b
t0484,a,a,b
t0485,a,a,a
t0486,b,a,a
t0487,a,b,a
t0488,a,a,a
t0489,b,b,b
t0490,a,a,a
t0491,a,a,b
t0492,a,b,b
t0493,a,a,a
t0494,b,b,a
t0495,a,a,b
t0496,b,a,b
t0497,b,a,b
t0498,a,a,a
t0499,b,a,b
t0500,a,a,b
t0501,a,a,a
t0502,a,a,a
t0503,b,b,a
t0504,a,b,a
t0505,a,a,b
t0506,b,a,a
t0507,a,a,a
t0508,a,a,a
t0509,a,b,a
t0510,a,a,b
t0511,a,a,a
t0512,b,a,b
t0513,b,b,a
t0514,b,b,a
t0515,a,a,b
t0516,b,b,b
t0517,a,a,a
t0518,a,a,a
t0519,a,a,b
t0520,b,a,b
t0521,a,a,a
t0522,a,a,a
t0523,b,b,b
t0524,b,b,b
t0525,a,a,a
t0526,b,b,b
t0527,a,b,a
t0528,a,a,b
t0529,a,a,b
t0530,a,a,a
t0531,a,a,b
t0532,a,a,b
t0533,b,b,a
t0534,b,b,b
t0535,a,a,a
t0536,a,a,a
t0537,b,a,a
t0538,a,b,a
t0539,a,b,b
t0540,a,a,a
t0541,a,a,a
t0542,a,b,b
t0543,b,a,b
t0544,a,a,b
t0545,a,a,a
t0546,b,a,a
t0547,b,b,a
t0548,a,a,b
t0549,b,a,a
t0550,a,a,a
t0551,a,a,b
t0552,a,a,b
t0553,b,b,a
t0554,b,b,a
t0555,a,a,b
t0556,b,a,b
t0557,a,a,a
t0558,a,a,a
t0559,a,b,b
t0560,a,a,b
t0561,a,b,a
t0562,a,a,a
t0563,b,a,b
t0564,b,b,b
t0565,a,b,a
t0566,b,a,a
t0567,a,a,a
t0568,a,a,a
t0569,a,a,b
t0570,b,a,b
t0571,a,a,b
t0572,b,a,b
t0573,b,b,a
t0574,b,b,a
t0575,a,a,b
t0576,a,a,b
t0577,b,b,b
t0578,a,a,a
t0579,a,b,b
t0580,a,a,a
t0581,a,a,a
t0582,a,a,a
t0583,b,b,a
t0584,b,b,a
t0585,a,a,a
t0586,b,a,a
t0587,a,a,b
t0588,a,a,a
t0589,a,b,a
t0590,a,a,b
t0591,a,a,a
t0592,a,b,a
t0593,a,b,b
t0594,b,b,b
t0595,a,a,b
t0596,a,a,b
t0597,b,b,a
t0598,a,b,a
t0599,a,a,b
t0600,a,a,b
t0601,a,b,a
t0602,a,a,a
t0603,b,b,b
t0604,b,b,b
t0605,a,a,a
t0606,a,b,a
t0607,a,a,b
t0608,a,a,b
t0609,b,b,b
t0610,a,a,a
t0611,a,a,b
t0612,a,a,b
t0613,b,b,a
t0614,b,b,a
t0615,a,a,b
t0616,b,a,b
t0617,b,b,b
t0618,a,a,a
t0619,a,b,b
t0620,a,a,a
t0621,a,a,a
t0622,a,a,b
t0623,b,b,a
t0624,b,b,b
t0625,a,a,a
t0626,a,a,a
t0627,a,a,a
t0628,a,a,b
t0629,a,b,a
t0630,a,a,a
t0631,a,b,b
t0632,a,a,b
t0633,b,b,a
t0634,b,b,b
t0635,a,a,a
t0636,a,a,b
t0637,b,b,a
t0638,a,a,a
t0639,b,a,b
t0640,a,a,a
t0641,a,b,a
t0642,a,a,a
t0643,b,b,b
t0644,b,b,b
t0645,a,a,a
t0646,a,a,a
t0647,b,a,a
t0648,a,a,a
t0649,a,b,b
t0650,a,a,a
t0651,a,a,a
t0652,a,a,b
t0653,a,b,a
t0654,b,a,a
t0655,a,a,b
t0656,a,a,b
t0657,a,a,a
t0658,a,a,a
t0659,a,a,b
t0660,b,a,b
t0661,a,a,b
t0662,a,a,a
t0663,b,b,a
t0664,b,b,a
t0665,a,a,b
t0666,a,a,a
t0667,a,a,b
t0668,a,a,a
t0669,a,b,a
t0670,a,a,b
t0671,a,a,a
t0672,a,a,a
t0673,b,b,a
t0674,b,b,a
t0675,a,a,b
t0676,a,b,b
t0677,a,a,a
t0678,a,a,a
t0679,b,a,b
t0680,a,a,b
t0681,a,a,a
t0682,a,a,a
t0683,b,b,b
t0684,b,b,b
t0685,a,a,a
t0686,a,a,a
t0687,a,a,a
t0688,a,a,a
t0689,a,a,b
t0690,a,a,a
t0691,a,a,b
t0692,a,a,b
t0693,a,b,a
t0694,b,b,a
t0695,a,a,b
t0696,a,a,b
t0697,b,b,b
t0698,a,a,a
t0699,a,b,b
t0700,b,a,a
t0701,a,a,b
t0702,a,b,b
t0703,b,b,b
t0704,a,a,b
t0705,a,a,a
t0706,b,a,a
t0707,b,b,b
t0708,a,a,b
t0709,a,b,a
t0710,a,a,a
t0711,a,a,b
t0712,a,a,b
t0713,b,b,a
t0714,a,b,b
t0715,a,a,a
t0716,a,a,b
t0717,b,b,a
t0718,a,a,a
t0719,b,b,b
t0720,a,a,a
t0721,a,a,a
t0722,b,b,a
t0723,b,b,b
t0724,b,b,b
t0725,a,a,a
t0726,b,a,a
t0727,b,b,a
t0728,a,a,a
t0729,a,b,b
t0730,b,b,a
t0731,a,a,b
t0732,a,a,b
t0733,b,b,b
t0734,b,b,a
t0735,a,a,b
t0736,a,a,b
t0737,b,a,b
t0738,a,a,a
t0739,a,b,a
t0740,a,a,a
t0741,a,a,a
t0742,a,a,a
t0743,a,b,a
t0744,b,b,a
t0745,a,a,b
t0746,b,b,a
t0747,a,b,b
t0748,a,a,a
t0749,a,b,a
t0750,a,a,b
t0751,a,a,a
t0752,a,a,b
t0753,b,b,a
t0754,b,b,a
t0755,a,a,b
t0756,b,a,b
t0757,a,a,a
t0758,a,a,a
t0759,a,a,b
t0760,a,a,b
t0761,a,a,a
t0762,a,a,a
t0763,b,b,a
t0764,b,b,b
t0765,a,a,a
t0766,b,a,a
t0767,a,a,b
t0768,a,a,b
t0769,a,a,b
t0770,b,a,a
t0771,a,a,a
t0772,a,a,b
t0773,b,b,a
t0774,b,b,b
t0775,a,a,a
t0776,a,a,b
t0777,b,b,a
t0778,a,a,a
t0779,a,b,b
t0780,a,a,b
t0781,a,a,b
t0782,a,a,b
t0783,b,b,b
t0784,b,b,b
t0785,a,a,a
t0786,b,a,a
t0787,a,a,b
t0788,a,a,b
t0789,b,a,b
t0790,a,a,a
t0791,b,a,b
t0792,a,a,b
t0793,b,b,a
t0794,b,b,a
t0795,a,a,a
t0796,a,a,b
t0797,b,a,a
t0798,a,a,b
t0799,b,a,b
t0800,a,b,b
t0801,b,b,b
t0802,b,b,a
t0803,a,a,b
t0804,a,a,b
t0805,a,a,a
t0806,b,b,a
t0807,b,b,a
t0808,a,a,a
t0809,b,b,a
t0810,b,a,b
t0811,b,b,b
t0812,b,a,b
t0813,a,b,a
t0814,b,b,a
t0815,a,b,b
t0816,b,b,b
t0817,b,b,b
t0818,a,a,a
t0819,a,b,b
t0820,a,b,b
t0821,b,b,b
t0822,b,b,a
t0823,a,a,a
t0824,a,b,a
t0825,a,b,a
t0826,b,a,a
t0827,b,a,a
t0828,b,a,a
t0829,b,a,a
t0830,a,a,b
t0831,b,b,a
t0832,b,b,a
t0833,a,a,a
t0834,a,a,a
t0835,a,a,b
t0836,b,b,b
t0837,b,b,a
t0838,a,a,a
t0839,b,b,b
t0840,a,a,b
t0841,b,a,a
t0842,b,b,a
t0843,a,b,b
t0844,a,a,b
t0845,b,b,a
t0846,b,b,b
t0847,b,b,b
t0848,a,a,b
t0849,b,b,a
t0850,a,a,a
t0851,a,b,a
t0852,b,b,b
t0853,a,a,a
t0854,a,a,b
t0855,a,a,b
t0856,a,b,a
t0857,b,a,b
t0858,a,a,a
t0859,b,b,b
t0860,a,a,a
t0861,b,b,a
t0862,b,b,b
t0863,a,a,b
t0864,a,b,a
t0865,b,b,b
t0866,b,b,a
t0867,b,b,a
t0868,b,a,b
t0869,b,b,a
t0870,b,a,a
t0871,b,b,b
t0872,b,a,b
t0873,a,a,a
t0874,a,b,a
t0875,b,a,b
t0876,a,b,b
t0877,b,a,a
t0878,a,a,b
t0879,b,b,b
t0880,a,a,b
t0881,b,b,a
t0882,b,b,a
t0883,a,a,a
t0884,a,a,a
t0885,a,b,a
t0886,b,b,a
t0887,a,a,a
t0888,a,a,a
t0889,b,b,b
t0890,a,a,a
t0891,b,b,b
t0892,b,a,b
t0893,a,a,b
t0894,a,b,a
t0895,b,a,b
t0896,b,a,b
t0897,b,b,b
t0898,a,a,a
t0899,b,b,a
t0900,b,b,a
t0901,b,b,a
t0902,a,b,a
t0903,a,a,a
t0904,b,b,a
t0905,b,a,a
t0906,b,b,a
t0907,b,b,a
t0908,a,a,a
t0909,b,b,a
t0910,a,b,b
t0911,b,b,a
t0912,b,b,b
t0913,a,b,a
t0914,a,a,b
t0915,b,b,b
t0916,b,b,b
t0917,b,a,a
t0918,a,b,a
t0919,b,a,b
t0920,a,b,b
t0921,b,a,a
t0922,b,b,a
t0923,a,a,a
t0924,a,b,b
t0925,a,b,a
t0926,b,a,a
t0927,a,b,b
t0928,a,a,b
t0929,b,b,b
t0930,a,a,a
t0931,b,b,b
t0932,b,b,b
t0933,a,a,b
t0934,a,b,b
t0935,a,a,b
t0936,b,a,b
t0937,b,a,b
t0938,a,b,a
t0939,b,b,b
t0940,a,b,a
t0941,b,b,b
t0942,b,a,b
t0943,a,a,a
t0944,a,a,b
t0945,b,a,a
t0946,b,b,a
t0947,a,b,a
t0948,b,a,b
t0949,b,a,a
t0950,a,a,a
t0951,b,b,b
t0952,b,b,b
t0953,a,a,a
t0954,a,b,a
t0955,b,b,a
t0956,b,a,b
t0957,b,b,a
t0958,a,b,b
t0959,b,b,b
t0960,a,a,a
t0961,b,b,a
t0962,b,b,a
t0963,a,a,a
t0964,a,b,b
t0965,b,b,a
t0966,a,b,a
t0967,b,b,a
t0968,b,b,a
t0969,a,a,a
t0970,a,a,a
t0971,a,b,b
t0972,b,b,b
t0973,a,b,a
t0974,a,b,a
t0975,a,b,b
t0976,b,b,b
t0977,a,b,b
t0978,a,a,a
t0979,a,b,b
t0980,a,a,a
t0981,b,b,a
t0982,b,b,a
t0983,a,a,a
t0984,a,b,a
t0985,a,b,a
t0986,a,b,a
t0987,a,a,a
t0988,a,a,a
t0989,b,b,a
t0990,b,a,b
t0991,b,b,a
t0992,b,a,a
t0993,a,a,a
t0994,a,b,b
t0995,a,b,b
t0996,a,b,b
t0997,b,a,a
t0998,a,b,a
t0999,b,b,b
t1000,a,a,b
t1001,b,a,a
t1002,b,a,a
t1003,a,b,b
t1004,a,a,b
t1005,a,a,a
t1006,a,b,a
t1007,b,a,b
t1008,a,b,b
t1009,b,a,b
t1010,a,a,a
t1011,b,a,b
t1012,b,a,b
t1013,a,b,a
t1014,a,a,a
t1015,b,b,a
t1016,a,b,b
t1017,b,a,a
t1018,a,b,a
t1019,b,b,b
t1020,a,a,b
t1021,b,b,a
t1022,b,a,b
t1023,a,b,b
t1024,a,b,b
t1025,b,b,a
t1026,b,b,a
t1027,b,b,a
t1028,a,a,b
t1029,b,b,a
t1030,a,a,a
t1031,b,b,b
t1032,b,b,b
t1033,a,b,a
t1034,a,b,a
t1035,b,a,b
t1036,a,b,b
t1037,b,a,a
t1038,a,a,a
t1039,b,b,b
t1040,a,a,a
t1041,b,b,b
t1042,b,a,a
t1043,a,a,b
t1044,b,b,b
t1045,a,a,a
t1046,b,b,a
t1047,b,a,a
t1048,a,b,a
t1049,b,a,a
t1050,a,b,a
t1051,b,a,b
t1052,b,b,b
t1053,a,a,a
t1054,a,b,a
t1055,a,a,b
t1056,b,b,b
t1057,b,a,b
t1058,a,b,a
t1059,b,b,a
t1060,a,a,b
t1061,b,b,a
t1062,b,b,a
t1063,a,b,a
t1064,a,b,a
t1065,b,a,a
t1066,b,b,a
t1067,b,b,b
t1068,a,b,b
t1069,b,b,a
t1070,a,a,b
t1071,b,a,a
t1072,b,b,a
t1073,a,b,a
t1074,a,b,a
t1075,b,b,b
t1076,b,b,b
t1077,b,b,a
t1078,a,b,a
t1079,a,b,b
t1080,a,a,b
t1081,b,b,a
t1082,b,b,a
t1083,a,a,b
t1084,a,b,b
t1085,a,a,a
t1086,b,a,a
t1087,b,b,b
t1088,a,a,b
t1089,b,b,b
t1090,a,a,a
t1091,b,b,a
t1092,b,a,b
t1093,a,b,a
t1094,a,b,b
t1095,a,b,b
t1096,b,b,a
t1097,b,a,a
t1098,a,b,a
t1099,b,b,b
t1100,a,b,b
t1101,b,b,b
t1102,b,b,b
t1103,a,a,b
t1104,a,b,a
t1105,a,b,a
t1106,b,a,a
t1107,b,b,a
t1108,a,b,b
t1109,b,b,a
t1110,b,b,a
t1111,b,b,b
t1112,b,b,b
t1113,a,b,a
t1114,a,a,b
t1115,b,b,a
t1116,b,b,b
t1117,b,b,a
t1118,b,b,b
t1119,a,b,b
t1120,a,a,a
t1121,b,b,a
t1122,b,b,a
t1123,a,a,b
t1124,a,b,b
t1125,b,a,a
t1126,b,b,a
t1127,b,a,b
t1128,a,a,a
t1129,b,b,b
t1130,a,a,a
t1131,b,b,b
t1132,b,a,b
t1133,a,b,b
t1134,a,a,a
t1135,b,b,b
t1136,b,b,b
t1137,b,b,b
t1138,a,a,a
t1139,b,b,a
t1140,a,a,b
t1141,a,b,a
t1142,b,b,a
t1143,a,a,a
t1144,a,b,a
t1145,a,a,a
t1146,b,b,a
t1147,a,b,b
t1148,a,b,a
t1149,b,a,a
t1150,a,a,b
t1151,b,b,b
t1152,b,b,b
t1153,a,a,b
t1154,a,b,a
t1155,a,a,b
t1156,b,b,b
t1157,b,a,a
t1158,b,a,a
t1159,a,b,b
t1160,a,a,b
t1161,b,b,a
t1162,b,a,a
t1163,a,b,b
t1164,a,b,b
t1165,a,a,a
t1166,a,a,a
t1167,b,b,b
t1168,a,a,b
t1169,b,a,b
t1170,a,b,a
t1171,b,b,b
t1172,b,b,b
t1173,a,b,a
t1174,a,b,b
t1175,b,a,a
t1176,b,a,b
t1177,b,a,b
t1178,a,b,a
t1179,b,b,b
t1180,a,a,a
t1181,b,b,b
t1182,b,b,b
t1183,a,b,b
t1184,b,b,a
t1185,a,a,a
t1186,b,b,a
t1187,b,b,a
t1188,a,a,b
t1189,b,b,a
t1190,a,b,a
t1191,b,b,a
t1192,a,b,b
t1193,a,a,a
t1194,a,b,b
t1195,b,b,b
t1196,a,b,b
t1197,b,b,a
t1198,a,b,b
t1199,b,a,b
t1200,a,b,b
t1201,a,b,a
t1202,a,b,a
t1203,a,a,b
t1204,a,b,b
t1205,b,a,a
t1206,a,b,a
t1207,b,b,b
t1208,a,a,a
t1209,b,b,a
t1210,b,b,a
t1211,b,b,b
t1212,b,b,b
t1213,a,a,a
t1214,a,b,a
t1215,b,a,b
t1216,a,a,b
t1217,b,b,b
t1218,a,b,a
t1219,b,b,a
t1220,a,b,a
t1221,b,b,a
t1222,a,b,a
t1223,b,a,a
t1224,b,b,a
t1225,a,b,a
t1226,b,a,a
t1227,b,a,b
t1228,b,b,a
t1229,b,b,a
t1230,b,a,b
t1231,a,b,a
t1232,b,b,b
t1233,a,a,a
t1234,a,a,b
t1235,a,b,b
t1236,b,b,b
t1237,a,b,a
t1238,b,a,a
t1239,b,b,b
t1240,b,b,b
t1241,b,b,a
t1242,b,a,a
t1243,a,a,a
t1244,a,b,b
t1245,b,a,a
t1246,b,b,b
t1247,b,b,a
t1248,a,a,b
t1249,b,b,b
t1250,b,b,a
t1251,a,a,b
t1252,b,b,b
t1253,a,b,a
t1254,b,a,b
t1255,a,b,a
t1256,b,b,a
t1257,b,b,b
t1258,b,b,a
t1259,b,b,b
t1260,a,b,b
t1261,a,b,b
t1262,a,b,b
t1263,a,b,a
t1264,a,b,b
t1265,b,b,b
t1266,a,b,a
t1267,b,a,a
t1268,a,b,b
t1269,b,b,b
t1270,b,b,b
t1271,b,b,a
t1272,b,b,b
t1273,a,a,a
t1274,b,b,b
t1275,b,a,b
t1276,b,b,b
t1277,b,a,b
t1278,a,b,b
t1279,b,b,b
t1280,b,a,a
t1281,b,b,a
t1282,a,b,a
t1283,a,a,b
t1284,b,a,b
t1285,b,b,a
t1286,b,a,a
t1287,a,a,b
t1288,b,a,a
t1289,b,a,a
t1290,a,b,a
t1291,b,b,b
t1292,a,b,a
t1293,a,b,b
t1294,a,b,a
t1295,b,b,b
t1296,b,b,b
t1297,b,b,b
t1298,b,b,a
t1299,b,b,a
t1300,a,b,a
t1301,b,b,a
t1302,b,b,a
t1303,a,a,b
t1304,b,b,a
t1305,b,a,a
t1306,b,b,a
t1307,b,b,a
t1308,b,b,a
t1309,b,b,a
t1310,b,b,b
t1311,a,b,a
t1312,b,a,a
t1313,a,b,b
t1314,b,a,a
t1315,a,b,b
t1316,b,b,b
t1317,b,b,a
t1318,a,b,a
t1319,b,a,b
t1320,a,b,b
t1321,a,b,a
t1322,a,a,a
t1323,a,a,b
t1324,a,b,b
t1325,b,b,a
t1326,a,a,a
t1327,a,b,a
t1328,a,b,b
t1329,b,b,b
t1330,a,b,a
t1331,b,b,b
t1332,b,b,b
t1333,a,a,a
t1334,a,b,b
t1335,a,a,b
t1336,b,b,a
t1337,a,b,b
t1338,a,a,a
t1339,b,b,b
t1340,b,b,b
t1341,b,a,b
t1342,a,a,a
t1343,a,b,a
t1344,b,b,b
t1345,a,b,b
t1346,b,b,a
t1347,b,a,a
t1348,b,b,b
t1349,b,b,b
t1350,a,b,a
t1351,b,b,a
t1352,b,a,b
t1353,a,b,a
t1354,b,b,b
t1355,b,b,b
t1356,b,b,b
t1357,b,a,a
t1358,a,b,b
t1359,b,a,b
t1360,b,a,a
t1361,b,b,a
t1362,b,b,a
t1363,a,a,b
t1364,b,a,b
t1365,b,b,a
t1366,b,b,b
t1367,b,a,a
t1368,a,b,a
t1369,b,b,a
t1370,b,b,a
t1371,b,b,b
t1372,b,b,a
t1373,b,a,b
t1374,b,b,a
t1375,b,b,b
t1376,b,b,b
t1377,b,a,a
t1378,b,a,a
t1379,b,b,a
t1380,a,b,b
t1381,b,a,a
t1382,b,b,a
t1383,a,a,a
t1384,b,b,a
t1385,b,a,a
t1386,b,b,a
t1387,b,b,b
t1388,a,a,a
t1389,b,b,a
t1390,b,a,b
t1391,b,b,a
t1392,b,a,b
t1393,a,b,a
t1394,a,b,a
t1395,b,a,b
t1396,b,b,b
t1397,a,b,a
t1398,a,a,a
t1399,b,b,b
t1400,a,a,b
t1401,b,b,a
t1402,a,b,a
t1403,a,a,b
t1404,a,b,b
t1405,b,b,a
t1406,a,a,a
t1407,a,b,b
t1408,a,b,a
t1409,b,b,b
t1410,a,a,a
t1411,b,b,b
t1412,b,b,b
t1413,a,b,a
t1414,a,a,b
t1415,a,b,b
t1416,b,b,a
t1417,b,a,b
t1418,a,a,a
t1419,b,a,b
t1420,a,b,a
t1421,a,b,b
t1422,b,b,b
t1423,a,b,b
t1424,a,b,a
t1425,b,b,b
t1426,a,b,a
t1427,b,b,a
t1428,a,b,b
t1429,b,b,a
t1430,b,b,a
t1431,b,b,b
t1432,b,a,b
t1433,a,b,a
t1434,b,a,b
t1435,b,b,a
t1436,b,a,b
t1437,b,b,a
t1438,a,a,b
t1439,b,b,b
t1440,a,b,a
t1441,b,b,a
t1442,b,a,a
t1443,a,b,b
t1444,a,a,b
t1445,b,b,a
t1446,b,b,a
t1447,b,b,a
t1448,a,a,a
t1449,b,b,b
t1450,a,b,a
t1451,b,b,b
t1452,b,b,a
t1453,a,a,b
t1454,b,b,a
t1455,b,b,b
t1456,a,b,b
t1457,b,b,b
t1458,a,a,a
t1459,b,b,b
t1460,b,b,b
t1461,b,a,a
t1462,b,b,a
t1463,a,b,a
t1464,b,b,a
t1465,b,a,a
t1466,b,b,a
t1467,b,a,a
t1468,a,a,a
t1469,b,b,a
t1470,b,a,b
t1471,b,b,a
t1472,b,b,a
t1473,a,b,a
t1474,b,b,b
t1475,b,b,b
t1476,a,b,b
t1477,a,b,a
t1478,b,b,a
t1479,b,b,b
t1480,a,b,b
t1481,b,b,a
t1482,b,b,a
t1483,a,b,b
t1484,a,a,b
t1485,b,b,a
t1486,b,a,a
t1487,a,a,b
t1488,a,b,b
t1489,b,b,a
t1490,a,b,a
t1491,b,b,b
t1492,b,b,b
t1493,a,a,a
t1494,b,b,a
t1495,b,b,b
t1496,b,b,a
t1497,b,b,b
t1498,b,a,a
t1499,b,b,b
t1500,b,b,a
t1501,b,b,a
t1502,b,b,b
t1503,a,a,b
t1504,b,b,b
t1505,b,a,a
t1506,b,b,a
t1507,b,a,a
t1508,a,b,b
t1509,b,b,a
t1510,b,b,a
t1511,b,b,b
t1512,a,a,b
t1513,a,a,a
t1514,a,b,a
t1515,a,a,b
t1516,b,b,b
t1517,b,a,a
t1518,a,a,a
t1519,b,a,a
t1520,a,b,b
t1521,a,a,b
t1522,b,b,a
t1523,a,a,b
t1524,a,a,b
t1525,b,b,a
t1526,b,b,a
t1527,b,b,a
t1528,b,a,a
t1529,a,a,b
t1530,b,b,a
t1531,a,a,b
t1532,a,b,b
t1533,b,b,a
t1534,a,a,a
t1535,b,b,b
t1536,a,b,b
t1537,b,b,b
t1538,b,a,a
t1539,b,b,b
t1540,a,a,b
t1541,b,b,a
t1542,a,a,a
t1543,a,b,a
t1544,b,b,a
t1545,a,b,a
t1546,a,a,a
t1547,b,b,b
t1548,a,a,a
t1549,b,b,a
t1550,b,a,b
t1551,b,a,b
t1552,b,a,b
t1553,a,b,b
t1554,b,a,a
t1555,a,a,b
t1556,b,b,b
t1557,b,a,a
t1558,b,b,a
t1559,b,a,b
t1560,b,b,b
t1561,b,b,a
t1562,a,b,a
t1563,a,b,b
t1564,a,a,b
t1565,b,a,a
t1566,a,a,a
t1567,b,a,a
t1568,b,b,b
t1569,b,a,b
t1570,b,b,a
t1571,b,b,b
t1572,b,a,b
t1573,a,b,a
t1574,a,a,a
t1575,b,b,a
t1576,a,b,a
t1577,b,b,a
t1578,a,a,a
t1579,b,a,b
t1580,a,b,a
t1581,b,b,a
t1582,a,b,b
t1583,a,b,b
t1584,b,b,b
t1585,a,b,a
t1586,a,b,a
t1587,b,a,a
t1588,a,a,b
t1589,b,b,a
t1590,a,a,a
t1591,b,a,b
t1592,b,a,b
t1593,a,a,a
t1594,b,a,b
t1595,b,b,b
t1596,a,b,a
t1597,b,b,a
t1598,a,a,a
t1599,b,a,b
t1600,a,b,a
t1601,a,a,a
t1602,a,a,a
t1603,a,b,b
t1604,a,a,b
t1605,a,a,a
t1606,a,a,a
t1607,b,b,a
t1608,b,a,a
t1609,a,a,b
t1610,b,a,a
t1611,a,a,b
t1612,a,a,a
t1613,a,b,a
t1614,a,a,a
t1615,a,b,b
t1616,a,a,b
t1617,b,a,a
t1618,b,b,b
t1619,a,b,a
t1620,b,a,a
t1621,a,a,a
t1622,a,a,a
t1623,a,b,a
t1624,a,a,a
t1625,a,b,a
t1626,a,a,a
t1627,b,b,b
t1628,a,b,a
t1629,a,a,a
t1630,b,b,b
t1631,a,a,a
t1632,a,a,b
t1633,a,a,b
t1634,a,a,a
t1635,a,b,b
t1636,a,a,b
t1637,b,b,a
t1638,a,a,a
t1639,a,b,b
t1640,a,a,b
t1641,a,a,a
t1642,a,a,a
t1643,a,a,b
t1644,a,a,b
t1645,a,a,a
t1646,a,a,b
t1647,b,b,b
t1648,b,a,a
t1649,a,a,b
t1650,a,b,a
t1651,a,b,b
t1652,a,a,a
t1653,a,a,a
t1654,a,a,a
t1655,a,a,b
t1656,a,a,b
t1657,b,a,b
t1658,a,b,a
t1659,a,a,b
t1660,b,b,b
t1661,a,a,b
t1662,a,a,b
t1663,a,a,a
t1664,a,a,b
t1665,a,a,b
t1666,a,a,a
t1667,b,b,a
t1668,a,b,b
t1669,a,a,a
t1670,b,a,a
t1671,a,b,b
t1672,b,a,b
t1673,a,b,a
t1674,a,a,b
t1675,b,a,b
t1676,a,a,b
t1677,a,b,a
t1678,a,b,b
t1679,a,a,b
t1680,b,b,b
t1681,a,a,a
t1682,a,a,a
t1683,a,b,b
t1684,a,a,b
t1685,b,a,a
t1686,b,a,a
t1687,b,b,a
t1688,b,b,a
t1689,a,a,b
t1690,a,a,a
t1691,a,a,b
t1692,a,a,a
t1693,a,b,b
t1694,a,a,a
t1695,a,a,b
t1696,a,a,b
t1697,b,b,b
t1698,a,a,b
t1699,a,b,a
t1700,b,a,a
t1701,a,a,a
t1702,a,a,a
t1703,a,a,a
t1704,a,a,a
t1705,b,a,a
t1706,a,a,a
t1707,b,b,a
t1708,a,b,a
t1709,a,a,a
t1710,b,a,b
t1711,a,a,a
t1712,a,a,a
t1713,a,b,b
t1714,b,a,a
t1715,a,a,b
t1716,a,a,b
t1717,b,b,a
t1718,a,a,a
t1719,a,b,a
t1720,a,b,b
t1721,a,a,a
t1722,a,a,a
t1723,a,a,a
t1724,a,a,b
t1725,a,a,b
t1726,a,a,b
t1727,b,b,a
t1728,a,a,b
t1729,a,a,b
t1730,b,b,a
t1731,a,a,b
t1732,a,a,b
t1733,a,a,a
t1734,a,a,b
t1735,b,b,b
t1736,a,a,b
t1737,b,b,b
t1738,b,b,b
t1739,a,a,b
t1740,a,a,a
t1741,a,a,b
t1742,a,a,b
t1743,a,a,b
t1744,a,a,b
t1745,a,a,a
t1746,b,a,a
t1747,b,b,a
t1748,a,a,b
t1749,a,a,b
t1750,b,b,a
t1751,a,a,b
t1752,a,a,b
t1753,a,a,a
t1754,a,a,b
t1755,b,a,a
t1756,a,a,b
t1757,b,a,a
t1758,a,a,b
t1759,a,a,b
t1760,a,a,a
t1761,a,a,a
t1762,a,a,a
t1763,a,b,b
t1764,a,b,b
t1765,b,a,a
t1766,a,a,a
t1767,b,b,b
t1768,a,a,a
t1769,a,b,b
t1770,b,b,a
t1771,a,a,b
t1772,a,a,b
t1773,a,b,a
t1774,a,a,a
t1775,a,a,b
t1776,a,a,b
t1777,b,b,b
t1778,a,a,a
t1779,a,a,b
t1780,a,a,b
t1781,a,a,a
t1782,a,a,b
t1783,a,a,a
t1784,a,b,a
t1785,a,a,a
t1786,a,a,a
t1787,b,b,b
t1788,b,b,a
t1789,a,b,a
t1790,a,a,b
t1791,a,a,a
t1792,a,a,a
t1793,a,a,b
t1794,a,a,a
t1795,a,b,b
t1796,a,a,b
t1797,b,a,a
t1798,a,b,a
t1799,a,b,b
t1800,a,a,b
t1801,a,a,a
t1802,a,a,a
t1803,a,b,b
t1804,a,a,b
t1805,a,a,a
t1806,a,a,a
t1807,b,b,b
t1808,a,a,b
t1809,a,a,b
t1810,a,b,a
t1811,b,a,b
t1812,a,a,b
t1813,b,b,a
t1814,a,a,b
t1815,a,a,b
t1816,a,a,b
t1817,a,a,a
t1818,a,a,a
t1819,a,b,b
t1820,b,a,b
t1821,a,a,a
t1822,a,a,b
t1823,a,a,a
t1824,a,a,b
t1825,b,a,a
t1826,a,a,a
t1827,b,b,a
t1828,a,b,b
t1829,a,a,a
t1830,a,a,a
t1831,a,a,b
t1832,a,a,b
t1833,b,b,a
t1834,a,b,a
t1835,a,a,b
t1836,a,a,b
t1837,b,b,a
t1838,a,b,b
t1839,b,a,b
t1840,a,a,b
t1841,a,a,b
t1842,a,a,a
t1843,a,b,b
t1844,a,a,b
t1845,a,a,a
t1846,a,a,a
t1847,a,b,a
t1848,a,a,a
t1849,a,b,b
t1850,a,a,a
t1851,a,a,b
t1852,a,a,b
t1853,a,a,a
t1854,a,a,a
t1855,a,a,b
t1856,a,a,b
t1857,b,b,b
t1858,b,b,a
t1859,a,a,b
t1860,a,b,b
t1861,a,a,a
t1862,a,a,a
t1863,b,b,a
t1864,a,a,a
t1865,a,a,b
t1866,b,a,a
t1867,b,b,b
t1868,a,b,a
t1869,b,a,a
t1870,b,b,b
t1871,a,b,a
t1872,a,a,b
t1873,a,a,a
t1874,a,a,a
t1875,b,b,b
t1876,a,a,b
t1877,a,b,a
t1878,a,b,a
t1879,a,a,b
t1880,a,a,b
t1881,a,a,a
t1882,a,a,a
t1883,b,b,b
t1884,a,a,b
t1885,a,a,a
t1886,a,a,a
t1887,a,b,b
t1888,b,a,b
t1889,a,a,b
t1890,b,a,a
t1891,a,a,b
t1892,a,a,b
t1893,b,a,a
t1894,a,a,a
t1895,b,b,a
t1896,a,a,b
t1897,b,a,b
t1898,a,a,a
t1899,a,a,b
t1900,a,b,b
t1901,a,a,a
t1902,a,a,b
t1903,a,a,b
t1904,a,a,a
t1905,b,a,a
t1906,a,a,a
t1907,b,a,a
t1908,a,b,b
t1909,a,a,a
t1910,a,b,a
t1911,a,a,b
t1912,a,a,b
t1913,a,a,a
t1914,a,b,a
t1915,a,a,a
t1916,a,a,b
t1917,a,b,a
t1918,a,b,a
t1919,a,a,a
t1920,b,b,a
t1921,a,a,a
t1922,a,b,a
t1923,a,b,a
t1924,a,a,b
t1925,b,a,a
t1926,a,a,a
t1927,a,b,a
t1928,a,b,a
t1929,a,a,a
t1930,b,a,a
t1931,a,a,b
t1932,a,a,b
t1933,a,a,a
t1934,a,a,b
t1935,a,a,b
t1936,a,a,a
t1937,b,a,b
t1938,b,b,a
t1939,a,a,b
t1940,b,a,b
t1941,a,a,a
t1942,a,a,a
t1943,a,a,a
t1944,a,a,a
t1945,a,a,a
t1946,a,a,a
t1947,a,b,a
t1948,a,b,b
t1949,a,b,a
t1950,a,b,b
t1951,a,a,a
t1952,a,a,a
t1953,b,a,a
t1954,a,a,a
t1955,a,b,b
t1956,a,a,b
t1957,b,b,b
t1958,a,b,a
t1959,a,a,b
t1960,a,b,b
t1961,a,a,a
t1962,a,b,a
t1963,b,b,b
t1964,a,a,a
t1965,a,a,a
t1966,a,a,b
t1967,b,b,b
t1968,a,b,b
t1969,a,a,a
t1970,a,b,a
t1971,a,a,b
t1972,a,a,b
t1973,a,a,a
t1974,a,a,b
t1975,a,a,a
t1976,a,a,b
t1977,b,b,b
t1978,a,b,a
t1979,a,a,b
t1980,a,a,b
t1981,a,a,b
t1982,a,a,b
t1983,a,a,b
t1984,a,b,b
t1985,a,a,b
t1986,a,a,a
t1987,a,b,b
t1988,a,b,b
t1989,a,a,a
t1990,a,a,a
t1991,a,a,b
t1992,a,a,b
t1993,a,a,a
t1994,a,a,b
t1995,a,a,b
t1996,a,a,b
t1997,b,b,a
t1998,a,a,a
t1999,a,a,a
t2000,a,a,b
t2001,a,a,a
t2002,a,a,a
t2003,a,a,b
t2004,a,a,b
t2005,a,a,a
t2006,a,a,a
t2007,b,b,a
t2008,a,b,a
t2009,a,a,b
t2010,a,a,a
t2011,a,a,b
t2012,a,a,b
t2013,a,a,a
t2014,a,a,a
t2015,a,a,b
t2016,a,a,b
t2017,b,b,b
t2018,b,b,a
t2019,a,a,b
t2020,a,a,b
t2021,a,a,a
t2022,b,b,a
t2023,a,a,a
t2024,a,a,a
t2025,a,a,a
t2026,a,b,a
t2027,b,b,a
t2028,b,a,b
t2029,a,b,a
t2030,b,a,b
t2031,a,a,a
t2032,a,a,a
t2033,a,a,a
t2034,a,a,a
t2035,a,a,b
t2036,a,a,b
t2037,b,b,a
t2038,b,b,a
t2039,a,a,b
t2040,a,a,b
t2041,a,a,a
t2042,a,a,a
t2043,a,a,b
t2044,a,a,b
t2045,a,b,a
t2046,a,a,b
t2047,b,b,b
t2048,b,a,b
t2049,a,a,b
t2050,a,a,a
t2051,a,a,b
t2052,a,a,b
t2053,b,a,a
t2054,a,a,a
t2055,a,a,b
t2056,a,a,a
t2057,a,b,a
t2058,a,a,a
t2059,a,a,b
t2060,a,a,b
t2061,a,a,b
t2062,a,a,a
t2063,a,b,b
t2064,a,a,b
t2065,a,a,a
t2066,a,a,a
t2067,b,a,a
t2068,a,a,b
t2069,a,b,a
t2070,b,b,a
t2071,a,a,b
t2072,a,a,b
t2073,a,b,a
t2074,a,a,a
t2075,b,a,b
t2076,a,a,b
t2077,b,b,a
t2078,b,a,a
t2079,a,a,a
t2080,a,a,b
t2081,a,a,a
t2082,a,a,a
t2083,a,a,b
t2084,a,a,b
t2085,a,b,a
t2086,a,a,a
t2087,b,b,a
t2088,b,a,a
t2089,a,a,a
t2090,a,a,a
t2091,a,a,b
t2092,a,a,b
t2093,a,a,b
t2094,a,a,b
t2095,a,b,b
t2096,a,a,b
t2097,b,a,b
t2098,b,a,a
t2099,b,a,b
t2100,b,a,b
t2101,a,b,a
t2102,a,a,a
t2103,a,b,a
t2104,a,a,a
t2105,a,a,a
t2106,a,b,a
t2107,b,b,b
t2108,a,b,a
t2109,b,a,a
t2110,a,b,b
t2111,a,a,a
t2112,a,a,a
t2113,a,b,a
t2114,a,a,b
t2115,a,a,b
t2116,a,a,b
t2117,a,b,a
t2118,a,a,a
t2119,a,a,b
t2120,a,b,b
t2121,a,a,a
t2122,a,a,a
t2123,a,a,b
t2124,a,a,b
t2125,b,a,a
t2126,a,a,a
t2127,b,b,b
t2128,b,a,b
t2129,a,a,a
t2130,b,a,a
t2131,a,a,b
t2132,a,a,b
t2133,a,a,a
t2134,a,a,b
t2135,a,a,a
t2136,a,a,b
t2137,b,b,b
t2138,b,a,a
t2139,a,b,b
t2140,b,a,a
t2141,a,b,a
t2142,a,a,b
t2143,a,a,b
t2144,a,a,b
t2145,b,a,a
t2146,a,a,a
t2147,b,b,a
t2148,b,b,b
t2149,a,a,a
t2150,b,b,a
t2151,a,a,b
t2152,a,a,b
t2153,a,b,a
t2154,a,a,a
t2155,a,a,b
t2156,a,a,b
t2157,b,b,a
t2158,b,b,b
t2159,a,a,b
t2160,a,a,b
t2161,a,a,a
t2162,a,a,a
t2163,a,b,b
t2164,a,a,b
t2165,a,a,a
t2166,a,a,a
t2167,b,a,a
t2168,b,a,a
t2169,a,a,a
t2170,a,b,a
t2171,a,a,b
t2172,a,a,b
t2173,a,a,a
t2174,a,a,b
t2175,b,b,b
t2176,a,a,b
t2177,b,b,b
t2178,b,a,a
t2179,a,b,b
t2180,a,b,b
t2181,a,a,a
t2182,a,a,a
t2183,a,b,a
t2184,a,a,a
t2185,b,a,b
t2186,b,a,a
t2187,b,b,b
t2188,a,a,b
t2189,a,a,a
t2190,b,a,b
t2191,a,b,a
t2192,a,a,a
t2193,a,a,a
t2194,a,a,a
t2195,a,a,b
t2196,b,a,b
t2197,b,b,a
t2198,b,b,a
t2199,a,a,b
t2200,b,a,b
t2201,a,a,a
t2202,a,a,a
t2203,a,b,b
t2204,a,a,b
t2205,a,a,a
t2206,a,a,a
t2207,b,b,b
t2208,b,b,b
t2209,a,a,b
t2210,a,a,a
t2211,a,a,b
t2212,a,a,b
t2213,b,b,a
t2214,a,a,a
t2215,a,a,a
t2216,a,a,a
t2217,b,b,b
t2218,b,a,a
t2219,a,a,b
t2220,a,a,b
t2221,a,a,b
t2222,a,a,b
t2223,a,a,a
t2224,a,a,a
t2225,a,a,a
t2226,a,a,a
t2227,b,a,a
t2228,b,b,b
t2229,a,b,a
t2230,b,a,a
t2231,a,a,a
t2232,a,b,b
t2233,a,a,a
t2234,a,a,b
t2235,b,a,b
t2236,b,a,b
t2237,b,b,a
t2238,b,b,b
t2239,a,a,b
t2240,b,b,a
t2241,a,a,a
t2242,a,a,a
t2243,a,a,b
t2244,a,a,b
t2245,b,b,a
t2246,a,a,a
t2247,b,a,a
t2248,b,a,a
t2249,a,a,b
t2250,a,b,a
t2251,a,a,b
t2252,a,a,b
t2253,a,a,a
t2254,a,b,a
t2255,b,a,b
t2256,a,a,b
t2257,b,b,b
t2258,b,b,a
t2259,a,a,b
t2260,a,a,a
t2261,a,a,a
t2262,a,b,a
t2263,a,a,a
t2264,a,a,a
t2265,a,a,a
t2266,a,a,a
t2267,b,b,b
t2268,b,b,b
t2269,a,a,a
t2270,a,a,b
t2271,a,b,a
t2272,a,a,a
t2273,a,b,a
t2274,a,a,a
t2275,a,a,b
t2276,a,a,b
t2277,b,b,a
t2278,b,b,a
t2279,a,a,b
t2280,b,a,b
t2281,a,b,a
t2282,a,a,a
t2283,a,b,b
t2284,a,a,b
t2285,a,b,a
t2286,a,a,a
t2287,b,b,b
t2288,a,a,b
t2289,a,a,b
t2290,b,a,a
t2291,a,a,b
t2292,a,a,b
t2293,a,a,a
t2294,a,a,a
t2295,a,a,b
t2296,a,a,b
t2297,b,b,b
t2298,b,b,a
t2299,a,a,b
t2300,b,b,a
t2301,a,a,b
t2302,a,a,b
t2303,b,b,b
t2304,a,a,b
t2305,a,a,a
t2306,a,a,a
t2307,b,b,b
t2308,b,b,b
t2309,a,b,a
t2310,b,b,a
t2311,a,a,b
t2312,a,a,b
t2313,a,b,a
t2314,a,a,a
t2315,b,b,b
t2316,a,b,b
t2317,b,a,a
t2318,b,b,a
t2319,b,b,a
t2320,a,b,a
t2321,a,a,a
t2322,a,b,a
t2323,a,a,b
t2324,a,a,b
t2325,a,a,a
t2326,b,a,a
t2327,b,b,a
t2328,b,b,a
t2329,a,a,b
t2330,a,a,a
t2331,a,a,b
t2332,a,a,b
t2333,a,a,b
t2334,a,a,a
t2335,b,a,b
t2336,a,a,b
t2337,a,b,b
t2338,b,b,a
t2339,a,a,b
t2340,b,a,a
t2341,a,a,a
t2342,a,a,a
t2343,a,b,a
t2344,a,a,a
t2345,a,a,a
t2346,a,a,a
t2347,b,b,b
t2348,b,b,b
t2349,a,b,a
t2350,a,b,b
t2351,a,a,b
t2352,a,a,a
t2353,b,a,a
t2354,b,a,a
t2355,a,b,b
t2356,a,a,b
t2357,b,b,a
t2358,b,b,a
t2359,a,b,b
t2360,a,a,b
t2361,a,a,a
t2362,a,a,a
t2363,a,a,b
t2364,a,a,b
t2365,b,b,a
t2366,a,a,a
t2367,a,b,a
t2368,b,a,b
t2369,b,a,b
t2370,b,b,a
t2371,a,a,b
t2372,a,a,b
t2373,a,a,a
t2374,a,a,a
t2375,a,b,a
t2376,a,a,b
t2377,b,a,a
t2378,a,b,a
t2379,a,a,b
t2380,a,a,a
t2381,a,a,a
t2382,a,a,b
t2383,b,a,b
t2384,a,a,b
t2385,a,a,b
t2386,b,a,a
t2387,b,b,a
t2388,b,a,b
t2389,a,a,a
t2390,a,a,a
t2391,a,a,a
t2392,a,a,b
t2393,a,b,a
t2394,b,a,b
t2395,b,b,b
t2396,a,a,b
t2397,b,a,a
t2398,a,a,b
t2399,a,a,a
t2400,b,b,a
t2401,a,a,a
t2402,b,a,a
t2403,a,a,b
t2404,a,a,b
t2405,b,b,a
t2406,b,b,a
t2407,a,a,a
t2408,a,a,a
t2409,b,b,b
t2410,b,a,a
t2411,a,a,b
t2412,a,b,b
t2413,a,a,a
t2414,a,a,a
t2415,b,b,b
t2416,b,b,b
t2417,a,a,a
t2418,a,a,a
t2419,b,b,b
t2420,b,b,b
t2421,a,a,a
t2422,a,a,a
t2423,a,a,a
t2424,b,a,a
t2425,b,b,a
t2426,b,b,a
t2427,a,a,b
t2428,a,a,b
t2429,b,b,a
t2430,b,b,b
t2431,b,a,a
t2432,a,a,a
t2433,a,a,a
t2434,b,a,a
t2435,b,b,b
t2436,b,b,b
t2437,a,a,a
t2438,a,a,a
t2439,b,b,b
t2440,a,b,b
t2441,b,b,a
t2442,b,b,a
t2443,b,a,b
t2444,a,a,b
t2445,b,b,a
t2446,b,b,a
t2447,a,a,b
t2448,a,a,b
t2449,b,b,b
t2450,b,b,a
t2451,a,a,b
t2452,b,b,b
t2453,a,a,a
t2454,a,b,a
t2455,b,b,a
t2456,b,b,a
t2457,a,a,a
t2458,a,a,a
t2459,b,a,b
t2460,a,b,a
t2461,a,b,a
t2462,b,a,b
t2463,a,a,b
t2464,a,b,b
t2465,b,b,a
t2466,b,b,a
t2467,a,a,a
t2468,a,a,b
t2469,b,b,a
t2470,b,b,a
t2471,b,a,b
t2472,b,b,b
t2473,a,a,a
t2474,a,a,a
t2475,b,b,b
t2476,b,b,b
t2477,a,a,a
t2478,b,a,b
t2479,a,a,b
t2480,b,b,a
t2481,b,b,a
t2482,b,b,a
t2483,a,a,b
t2484,b,b,b
t2485,b,b,a
t2486,b,b,a
t2487,a,a,a
t2488,a,a,a
t2489,b,b,a
t2490,b,b,a
t2491,a,a,b
t2492,b,b,b
t2493,a,a,b
t2494,a,b,a
t2495,b,b,b
t2496,b,b,b
t2497,a,a,b
t2498,b,a,a
t2499,b,b,a
t2500,b,b,b
t2501,b,a,a
t2502,b,b,a
t2503,a,a,a
t2504,a,b,a
t2505,b,b,a
t2506,b,b,a
t2507,a,a,a
t2508,b,a,b
t2509,b,b,a
t2510,b,b,b
t2511,a,a,b
t2512,a,b,a
t2513,a,b,b
t2514,b,b,a
t2515,b,b,b
t2516,b,b,b
t2517,a,a,a
t2518,a,a,a
t2519,b,b,b
t2520,a,b,b
t2521,a,b,a
t2522,a,a,a
t2523,a,a,a
t2524,a,b,b
t2525,b,b,a
t2526,b,b,b
t2527,a,b,b
t2528,b,a,b
t2529,b,b,b
t2530,b,a,a
t2531,b,a,b
t2532,b,a,b
t2533,a,b,a
t2534,b,a,a
t2535,b,b,a
t2536,b,b,b
t2537,a,a,b
t2538,a,a,a
t2539,b,b,b
t2540,b,b,a
t2541,a,b,b
t2542,b,b,b
t2543,a,a,a
t2544,b,a,a
t2545,b,b,a
t2546,b,b,a
t2547,a,a,a
t2548,a,a,b
t2549,b,b,a
t2550,a,b,a
t2551,a,a,a
t2552,b,b,b
t2553,a,a,a
t2554,b,b,a
t2555,b,b,b
t2556,b,b,b
t2557,a,a,a
t2558,a,a,b
t2559,b,b,b
t2560,a,b,b
t2561,b,a,a
t2562,a,b,a
t2563,a,a,b
t2564,a,b,b
t2565,b,b,a
t2566,b,b,a
t2567,a,a,a
t2568,a,a,a
t2569,b,b,a
t2570,a,b,a
t2571,b,b,b
t2572,b,b,b
t2573,a,a,a
t2574,a,b,a
t2575,b,b,a
t2576,b,b,b
t2577,a,b,a
t2578,a,a,a
t2579,b,b,b
t2580,b,b,b
t2581,b,a,a
t2582,b,a,a
t2583,a,a,a
t2584,b,b,a
t2585,b,b,a
t2586,b,b,a
t2587,a,a,a
t2588,a,b,a
t2589,b,b,a
t2590,b,b,b
t2591,a,a,a
t2592,a,b,a
t2593,a,a,a
t2594,b,b,a
t2595,b,b,b
t2596,b,b,b
t2597,a,a,a
t2598,b,a,a
t2599,b,b,b
t2600,b,b,b
t2601,a,b,a
t2602,b,b,a
t2603,a,a,b
t2604,b,a,b
t2605,b,b,a
t2606,b,b,a
t2607,a,b,a
t2608,b,a,b
t2609,b,a,b
t2610,b,b,a
t2611,a,a,b
t2612,b,b,b
t2613,a,a,a
t2614,b,b,a
t2615,b,b,a
t2616,b,b,a
t2617,a,a,b
t2618,a,a,a
t2619,b,a,b
t2620,b,b,a
t2621,b,b,a
t2622,a,a,b
t2623,a,a,b
t2624,a,a,b
t2625,b,b,a
t2626,b,b,a
t2627,b,a,a
t2628,a,a,b
t2629,b,b,a
t2630,b,b,a
t2631,b,a,b
t2632,b,b,b
t2633,a,a,a
t2634,b,a,a
t2635,b,b,b
t2636,b,b,b
t2637,a,a,a
t2638,b,a,a
t2639,b,b,a
t2640,a,b,b
t2641,a,a,a
t2642,b,b,a
t2643,a,a,b
t2644,b,a,a
t2645,b,b,a
t2646,b,b,a
t2647,a,a,a
t2648,a,a,a
t2649,b,b,b
t2650,b,b,a
t2651,b,b,b
t2652,b,b,b
t2653,a,a,a
t2654,b,b,b
t2655,b,b,b
t2656,b,b,a
t2657,a,a,b
t2658,a,a,a
t2659,b,b,b
t2660,b,b,a
t2661,a,a,a
t2662,a,b,a
t2663,b,a,a
t2664,b,b,a
t2665,b,b,a
t2666,b,b,a
t2667,a,a,b
t2668,b,a,b
t2669,b,b,a
t2670,b,b,b
t2671,b,a,a
t2672,b,b,b
t2673,b,a,a
t2674,b,b,b
t2675,b,b,b
t2676,b,b,b
t2677,a,b,a
t2678,a,a,a
t2679,b,a,b
t2680,a,b,b
t2681,b,a,a
t2682,a,b,a
t2683,a,a,b
t2684,b,a,b
t2685,b,b,a
t2686,b,b,a
t2687,a,a,b
t2688,b,a,b
t2689,b,b,b
t2690,b,b,a
t2691,b,b,b
t2692,b,b,b
t2693,a,b,a
t2694,b,b,b
t2695,b,b,b
t2696,b,b,b
t2697,a,a,b
t2698,a,b,b
t2699,b,b,b
t2700,a,b,a
t2701,b,a,a
t2702,a,a,b
t2703,a,a,b
t2704,b,b,a
t2705,b,b,a
t2706,b,b,b
t2707,a,a,b
t2708,a,a,b
t2709,b,b,a
t2710,b,b,a
t2711,a,a,a
t2712,b,b,b
t2713,a,b,a
t2714,b,b,a
t2715,b,b,b
t2716,b,b,b
t2717,a,a,a
t2718,a,a,a
t2719,b,b,a
t2720,b,b,a
t2721,a,b,a
t2722,a,a,a
t2723,a,a,b
t2724,b,b,b
t2725,b,b,a
t2726,b,b,a
t2727,a,a,a
t2728,a,b,a
t2729,b,b,a
t2730,a,b,a
t2731,b,b,b
t2732,b,b,b
t2733,a,a,b
t2734,b,b,a
t2735,b,b,b
t2736,b,b,b
t2737,a,a,b
t2738,a,a,a
t2739,b,b,b
t2740,b,b,a
t2741,b,a,a
t2742,a,a,a
t2743,a,a,a
t2744,b,b,a
t2745,b,b,a
t2746,b,b,a
t2747,a,a,a
t2748,a,a,b
t2749,b,b,a
t2750,b,a,b
t2751,a,b,a
t2752,b,b,a
t2753,b,a,a
t2754,b,b,a
t2755,b,b,b
t2756,b,b,b
t2757,a,a,a
t2758,b,a,a
t2759,b,b,b
t2760,a,b,b
t2761,b,a,b
t2762,b,a,a
t2763,a,a,b
t2764,b,b,b
t2765,b,b,a
t2766,b,b,a
t2767,a,a,b
t2768,a,a,b
t2769,b,b,b
t2770,b,a,a
t2771,a,a,b
t2772,a,a,b
t2773,a,a,a
t2774,b,b,a
t2775,b,b,b
t2776,b,b,b
t2777,a,a,a
t2778,a,a,a
t2779,b,b,b
t2780,b,b,b
t2781,b,a,a
t2782,a,b,b
t2783,a,a,b
t2784,b,b,a
t2785,b,b,a
t2786,b,b,a
t2787,a,a,b
t2788,a,a,b
t2789,b,b,a
t2790,b,b,a
t2791,b,b,a
t2792,a,a,b
t2793,a,a,a
t2794,b,b,a
t2795,b,b,b
t2796,b,b,b
t2797,a,b,a
t2798,a,a,a
t2799,b,b,a
t2800,b,b,b
t2801,b,a,a
t2802,b,b,a
t2803,a,a,b
t2804,b,b,b
t2805,b,b,a
t2806,b,b,a
t2807,a,a,a
t2808,a,a,a
t2809,b,b,a
t2810,b,b,a
t2811,a,b,b
t2812,b,b,b
t2813,a,a,a
t2814,a,b,a
t2815,b,b,b
t2816,b,b,b
t2817,a,a,b
t2818,b,a,a
t2819,b,b,a
t2820,a,b,b
t2821,a,a,a
t2822,b,b,a
t2823,a,b,a
t2824,a,a,a
t2825,b,b,a
t2826,b,b,a
t2827,a,a,b
t2828,a,a,b
t2829,b,b,a
t2830,a,b,b
t2831,b,a,a
t2832,a,b,b
t2833,a,a,a
t2834,a,b,a
t2835,a,b,b
t2836,b,b,b
t2837,a,b,a
t2838,a,a,a
t2839,b,a,b
t2840,b,b,b
t2841,b,a,a
t2842,a,b,a
t2843,a,b,b
t2844,a,b,b
t2845,b,b,a
t2846,b,b,a
t2847,a,a,b
t2848,a,a,b
t2849,b,b,b
t2850,b,b,a
t2851,a,a,b
t2852,b,b,b
t2853,a,a,a
t2854,a,b,a
t2855,b,b,a
t2856,b,b,a
t2857,a,b,b
t2858,a,a,a
t2859,b,a,b
t2860,b,b,b
t2861,b,a,b
t2862,a,b,b
t2863,a,a,a
t2864,b,b,b
t2865,b,b,a
t2866,b,a,a
t2867,a,a,b
t2868,a,a,b
t2869,b,b,a
t2870,b,b,a
t2871,a,b,a
t2872,b,b,b
t2873,a,a,a
t2874,a,a,b
t2875,b,b,b
t2876,b,b,b
t2877,a,a,a
t2878,a,a,b
t2879,b,a,b
t2880,b,b,a
t2881,a,b,a
t2882,b,b,a
t2883,a,a,b
t2884,a,b,b
t2885,b,b,a
t2886,b,b,a
t2887,a,a,a
t2888,a,a,a
t2889,a,b,b
t2890,b,b,a
t2891,a,a,b
t2892,a,b,b
t2893,a,a,a
t2894,a,b,a
t2895,b,b,b
t2896,a,b,b
t2897,a,a,b
t2898,b,a,a
t2899,a,b,b
t2900,b,b,b
t2901,a,b,a
t2902,a,a,a
t2903,a,a,a
t2904,a,b,a
t2905,b,b,b
t2906,b,b,a
t2907,a,a,b
t2908,a,a,b
t2909,b,b,a
t2910,b,b,b
t2911,b,b,a
t2912,b,b,a
t2913,a,a,a
t2914,a,b,a
t2915,b,b,b
t2916,b,b,b
t2917,a,a,a
t2918,b,a,a
t2919,b,b,b
t2920,b,b,b
t2921,a,a,a
t2922,b,b,a
t2923,a,a,b
t2924,b,b,b
t2925,b,b,a
t2926,b,b,b
t2927,a,a,b
t2928,a,a,b
t2929,b,b,b
t2930,a,b,a
t2931,b,a,a
t2932,b,a,b
t2933,a,a,a
t2934,b,b,a
t2935,b,a,b
t2936,b,b,b
t2937,a,a,a
t2938,b,a,a
t2939,b,b,b
t2940,b,b,a
t2941,a,b,a
t2942,b,b,b
t2943,a,a,b
t2944,b,b,b
t2945,b,b,a
t2946,b,b,a
t2947,a,a,b
t2948,b,a,b
t2949,b,b,a
t2950,b,b,a
t2951,b,b,a
t2952,a,b,b
t2953,a,a,a
t2954,b,b,a
t2955,b,b,b
t2956,b,b,b
t2957,a,a,a
t2958,b,a,b
t2959,b,a,a
t2960,b,b,b
t2961,a,a,a
t2962,a,b,a
t2963,a,a,b
t2964,a,b,b
t2965,b,b,a
t2966,b,b,a
t2967,a,a,a
t2968,a,a,a
t2969,b,b,b
t2970,b,a,a
t2971,b,a,b
t2972,b,b,b
t2973,a,a,b
t2974,a,b,a
t2975,b,b,b
t2976,b,b,b
t2977,a,a,a
t2978,a,a,a
t2979,b,b,b
t2980,a,a,b
t2981,a,a,a
t2982,b,b,a
t2983,a,a,a
t2984,b,b,a
t2985,b,b,a
t2986,b,b,a
t2987,a,a,b
t2988,b,a,b
t2989,b,b,a
t2990,b,b,b
t2991,b,a,a
t2992,a,b,b
t2993,a,a,a
t2994,b,b,a
t2995,b,b,b
t2996,b,b,b
t2997,a,a,a
t2998,b,a,a
t2999,a,b,b
t3000,b,a,b
t3001,b,a,a
t3002,a,a,a
t3003,a,a,b
t3004,a,b,b
t3005,b,b,a
t3006,b,b,b
t3007,a,a,a
t3008,b,a,b
t3009,a,b,b
t3010,b,b,a
t3011,a,a,b
t3012,a,b,b
t3013,a,a,a
t3014,a,a,a
t3015,b,b,a
t3016,b,b,b
t3017,a,a,a
t3018,a,a,a
t3019,b,b,b
t3020,a,b,a
t3021,a,b,a
t3022,a,b,b
t3023,a,a,b
t3024,a,b,a
t3025,b,b,a
t3026,a,b,a
t3027,a,a,a
t3028,a,a,b
t3029,b,b,a
t3030,b,b,a
t3031,a,b,b
t3032,a,a,b
t3033,a,a,a
t3034,a,b,a
t3035,b,b,b
t3036,b,b,b
t3037,a,a,a
t3038,b,a,a
t3039,b,b,b
t3040,b,b,b
t3041,b,b,a
t3042,a,b,a
t3043,a,a,b
t3044,a,a,b
t3045,b,b,a
t3046,b,b,a
t3047,a,a,a
t3048,b,a,a
t3049,b,b,a
t3050,b,a,a
t3051,a,a,b
t3052,b,b,b
t3053,a,a,b
t3054,b,b,a
t3055,b,b,b
t3056,b,b,b
t3057,a,a,a
t3058,b,a,a
t3059,b,a,b
t3060,b,b,a
t3061,a,a,a
t3062,b,a,a
t3063,a,a,a
t3064,a,a,a
t3065,b,a,a
t3066,b,b,a
t3067,a,a,a
t3068,b,a,a
t3069,b,a,a
t3070,b,b,b
t3071,a,b,a
t3072,a,b,a
t3073,a,b,a
t3074,a,b,b
t3075,b,b,b
t3076,b,b,b
t3077,b,a,a
t3078,b,b,a
t3079,b,b,b
t3080,a,a,b
t3081,b,a,a
t3082,a,b,a
t3083,a,a,b
t3084,b,b,b
t3085,b,b,a
t3086,b,a,a
t3087,a,a,b
t3088,b,a,b
t3089,a,a,a
t3090,b,b,a
t3091,b,b,b
t3092,a,a,b
t3093,a,a,a
t3094,b,a,a
t3095,b,b,b
t3096,b,b,b
t3097,a,a,b
t3098,a,a,a
t3099,b,b,b
t3100,a,b,b
t3101,a,b,a
t3102,a,b,b
t3103,a,b,b
t3104,a,a,a
t3105,b,b,a
t3106,b,b,a
t3107,a,a,a
t3108,b,a,b
t3109,b,a,a
t3110,b,b,a
t3111,a,b,b
t3112,b,a,b
t3113,a,b,b
t3114,a,a,a
t3115,b,b,b
t3116,b,b,b
t3117,a,b,a
t3118,b,a,a
t3119,b,b,b
t3120,b,b,a
t3121,b,b,a
t3122,a,b,a
t3123,a,a,a
t3124,b,b,b
t3125,b,b,a
t3126,b,b,b
t3127,a,a,a
t3128,b,b,a
t3129,a,b,a
t3130,b,b,a
t3131,b,a,b
t3132,a,b,b
t3133,a,a,a
t3134,a,b,a
t3135,b,b,b
t3136,a,b,a
t3137,a,a,b
t3138,a,a,b
t3139,a,b,b
t3140,a,b,a
t3141,b,b,a
t3142,a,b,a
t3143,a,a,a
t3144,a,b,a
t3145,b,b,a
t3146,a,b,a
t3147,a,b,b
t3148,a,a,a
t3149,a,b,a
t3150,a,b,b
t3151,a,b,b
t3152,a,b,a
t3153,a,b,a
t3154,a,b,a
t3155,b,b,b
t3156,b,b,b
t3157,a,b,a
t3158,b,a,a
t3159,b,b,b
t3160,b,b,b
t3161,a,b,a
t3162,b,b,a
t3163,a,a,b
t3164,a,a,b
t3165,b,b,a
t3166,a,b,a
t3167,a,b,b
t3168,b,a,b
t3169,b,b,b
t3170,b,b,a
t3171,a,a,b
t3172,a,a,b
t3173,a,a,a
t3174,a,b,b
t3175,b,b,a
t3176,b,b,b
t3177,a,a,b
t3178,b,a,a
t3179,b,b,b
t3180,a,b,a
t3181,a,b,b
t3182,a,b,b
t3183,a,b,a
t3184,a,b,a
t3185,b,b,a
t3186,b,b,b
t3187,a,b,a
t3188,b,a,b
t3189,b,b,b
t3190,b,b,b
t3191,b,a,a
t3192,a,a,b
t3193,a,a,a
t3194,a,a,b
t3195,b,a,a
t3196,b,b,b
t3197,a,a,a
t3198,b,a,b
t3199,b,b,a
t3200,b,b,a
t3201,a,a,a
t3202,a,a,a
t3203,a,b,b
t3204,b,b,b
t3205,a,a,a
t3206,a,b,a
t3207,a,a,a
t3208,b,b,a
t3209,b,b,b
t3210,b,b,a
t3211,b,a,b
t3212,a,a,a
t3213,a,a,b
t3214,b,a,a
t3215,b,a,b
t3216,b,b,b
t3217,b,b,b
t3218,b,b,a
t3219,b,b,b
t3220,b,b,b
t3221,b,b,b
t3222,b,a,a
t3223,a,a,a
t3224,b,b,a
t3225,a,a,a
t3226,b,a,a
t3227,b,b,a
t3228,b,b,b
t3229,b,b,a
t3230,b,b,b
t3231,b,b,a
t3232,a,a,a
t3233,b,b,b
t3234,b,b,b
t3235,a,a,b
t3236,a,b,b
t3237,a,b,b
t3238,b,b,a
t3239,b,b,b
t3240,b,b,b
t3241,a,a,a
t3242,a,a,a
t3243,a,b,b
t3244,b,b,b
t3245,a,a,a
t3246,a,a,a
t3247,a,a,b
t3248,b,b,b
t3249,b,a,b
t3250,b,b,a
t3251,a,a,b
t3252,a,a,b
t3253,a,b,a
t3254,b,b,a
t3255,b,a,b
t3256,b,a,b
t3257,b,b,b
t3258,b,b,a
t3259,b,b,b
t3260,b,b,a
t3261,a,a,a
t3262,a,a,a
t3263,b,b,b
t3264,b,a,b
t3265,b,a,b
t3266,a,a,a
t3267,b,a,a
t3268,b,b,b
t3269,b,a,b
t3270,b,b,a
t3271,a,a,b
t3272,a,a,b
t3273,b,b,a
t3274,a,b,a
t3275,a,a,b
t3276,a,a,b
t3277,a,a,a
t3278,a,b,a
t3279,a,a,a
t3280,b,b,b
t3281,a,b,a
t3282,a,a,a
t3283,b,b,b
t3284,a,a,a
t3285,a,a,a
t3286,b,a,b
t3287,a,b,a
t3288,b,a,a
t3289,b,b,b
t3290,b,b,b
t3291,b,a,b
t3292,a,a,b
t3293,a,b,a
t3294,b,b,a
t3295,a,a,b
t3296,b,a,b
t3297,b,b,a
t3298,a,b,a
t3299,b,a,b
t3300,b,b,b
t3301,a,a,a
t3302,a,a,a
t3303,b,a,a
t3304,b,b,a
t3305,b,a,a
t3306,b,b,a
t3307,b,a,b
t3308,b,b,b
t3309,a,b,a
t3310,b,b,b
t3311,b,a,a
t3312,b,a,b
t3313,b,a,a
t3314,b,a,a
t3315,a,a,b
t3316,b,a,b
t3317,b,b,a
t3318,b,b,b
t3319,b,a,b
t3320,b,b,b
t3321,b,a,a
t3322,a,a,a
t3323,b,a,b
t3324,b,b,b
t3325,a,a,a
t3326,b,a,a
t3327,a,b,b
t3328,a,b,b
t3329,b,b,b
t3330,b,b,a
t3331,a,a,b
t3332,a,a,b
t3333,b,a,a
t3334,b,b,a
t3335,b,a,a
t3336,b,a,b
t3337,a,b,a
t3338,b,b,b
t3339,a,b,b
t3340,b,b,b
t3341,a,b,a
t3342,a,a,b
t3343,a,a,b
t3344,b,b,b
t3345,a,a,a
t3346,b,a,a
t3347,a,b,b
t3348,b,b,b
t3349,a,a,a
t3350,b,b,a
t3351,b,a,a
t3352,a,a,b
t3353,b,a,a
t3354,a,a,a
t3355,b,a,b
t3356,b,a,b
t3357,b,b,a
t3358,b,b,b
t3359,b,a,b
t3360,b,b,a
t3361,a,a,a
t3362,a,a,b
t3363,a,b,b
t3364,b,b,b
t3365,b,a,a
t3366,a,b,a
t3367,b,a,a
t3368,b,b,a
t3369,b,a,b
t3370,b,b,b
t3371,b,a,b
t3372,a,a,a
t3373,b,a,a
t3374,b,b,a
t3375,b,a,b
t3376,b,a,b
t3377,b,b,b
t3378,b,b,b
t3379,b,a,b
t3380,b,b,b
t3381,b,a,a
t3382,b,a,a
t3383,a,a,a
t3384,b,b,a
t3385,b,a,a
t3386,a,b,a
t3387,b,b,b
t3388,b,b,b
t3389,a,a,b
t3390,b,b,b
t3391,a,a,a
t3392,a,a,a
t3393,a,a,b
t3394,b,a,b
t3395,b,a,b
t3396,a,a,b
t3397,b,a,a
t3398,b,b,a
t3399,b,b,a
t3400,b,b,b
t3401,b,a,a
t3402,b,a,b
t3403,b,a,a
t3404,b,a,b
t3405,a,a,a
t3406,b,b,a
t3407,b,a,b
t3408,b,b,b
t3409,b,a,b
t3410,b,b,a
t3411,b,a,b
t3412,b,a,b
t3413,b,a,a
t3414,b,a,b
t3415,b,a,a
t3416,b,a,b
t3417,a,a,b
t3418,b,b,a
t3419,a,a,b
t3420,a,b,a
t3421,b,b,b
t3422,b,a,b
t3423,a,b,b
t3424,b,b,b
t3425,a,a,a
t3426,b,b,a
t3427,b,b,a
t3428,b,b,a
t3429,a,b,a
t3430,b,b,a
t3431,a,a,b
t3432,a,a,b
t3433,a,b,a
t3434,b,b,b
t3435,a,a,b
t3436,a,a,b
t3437,a,b,a
t3438,b,b,b
t3439,b,a,a
t3440,b,b,a
t3441,b,a,a
t3442,b,a,a
t3443,b,b,a
t3444,b,a,b
t3445,b,a,a
t3446,b,a,a
t3447,b,b,a
t3448,b,b,a
t3449,a,a,b
t3450,b,b,b
t3451,b,a,b
t3452,b,a,b
t3453,b,b,a
t3454,b,b,a
t3455,b,a,a
t3456,b,a,b
t3457,b,a,b
t3458,b,b,b
t3459,b,a,b
t3460,b,b,b
t3461,b,a,a
t3462,a,a,a
t3463,b,a,a
t3464,b,b,a
t3465,b,a,a
t3466,b,b,a
t3467,b,b,b
t3468,b,b,b
t3469,b,b,b
t3470,b,b,b
t3471,b,a,a
t3472,b,a,a
t3473,b,b,a
t3474,b,b,a
t3475,b,a,b
t3476,a,a,b
t3477,b,b,a
t3478,b,a,b
t3479,a,a,b
t3480,b,b,b
t3481,a,a,a
t3482,b,a,a
t3483,b,b,b
t3484,b,b,a
t3485,b,a,a
t3486,b,b,b
t3487,b,b,b
t3488,b,b,b
t3489,b,b,a
t3490,b,b,a
t3491,a,a,b
t3492,a,a,b
t3493,a,b,a
t3494,b,b,a
t3495,b,a,a
t3496,b,a,a
t3497,b,a,b
t3498,b,a,a
t3499,b,a,b
t3500,b,b,a
t3501,b,a,b
t3502,b,a,b
t3503,b,b,b
t3504,b,b,b
t3505,b,a,a
t3506,b,a,a
t3507,b,a,b
t3508,b,b,b
t3509,b,a,a
t3510,b,b,a
t3511,b,a,b
t3512,b,a,b
t3513,b,a,a
t3514,b,b,a
t3515,b,a,a
t3516,b,a,b
t3517,b,b,a
t3518,b,b,a
t3519,b,a,b
t3520,b,b,a
t3521,b,a,a
t3522,b,a,a
t3523,b,a,b
t3524,b,b,b
t3525,b,a,a
t3526,b,b,a
t3527,b,b,a
t3528,b,a,a
t3529,b,a,b
t3530,b,b,b
t3531,b,a,b
t3532,b,b,b
t3533,b,a,a
t3534,b,b,a
t3535,b,b,b
t3536,b,a,b
t3537,b,a,b
t3538,b,b,a
t3539,b,a,b
t3540,b,b,b
t3541,b,a,a
t3542,b,a,a
t3543,b,b,a
t3544,b,b,a
t3545,b,a,a
t3546,b,a,a
t3547,b,b,b
t3548,b,b,b
t3549,b,a,a
t3550,b,b,b
t3551,b,a,b
t3552,b,a,a
t3553,b,b,a
t3554,b,b,a
t3555,b,a,b
t3556,b,b,b
t3557,b,b,a
t3558,b,b,a
t3559,b,b,b
t3560,b,b,b
t3561,b,a,a
t3562,b,a,a
t3563,b,a,b
t3564,b,b,b
t3565,b,a,a
t3566,b,a,a
t3567,b,b,b
t3568,b,b,b
t3569,b,a,b
t3570,b,b,a
t3571,b,a,b
t3572,b,a,b
t3573,b,b,a
t3574,b,b,a
t3575,b,a,a
t3576,b,a,b
t3577,b,b,a
t3578,b,b,a
t3579,b,a,b
t3580,b,b,a
t3581,a,a,a
t3582,b,a,b
t3583,b,b,b
t3584,b,b,b
t3585,b,a,a
t3586,b,a,a
t3587,b,a,b
t3588,b,b,b
t3589,a,b,a
t3590,b,b,a
t3591,b,b,b
t3592,b,a,b
t3593,b,b,a
t3594,b,b,a
t3595,b,a,b
t3596,a,a,b
t3597,b,b,a
t3598,b,a,a
t3599,b,a,b
t3600,b,b,a
t3601,b,a,a
t3602,b,a,a
t3603,b,a,b
t3604,b,a,b
t3605,a,a,a
t3606,b,a,a
t3607,b,b,a
t3608,b,b,a
t3609,b,b,b
t3610,b,b,b
t3611,b,b,b
t3612,b,a,a
t3613,a,b,a
t3614,b,b,a
t3615,a,a,b
t3616,b,b,b
t3617,b,a,b
t3618,b,b,a
t3619,b,b,b
t3620,b,b,a
t3621,b,a,b
t3622,a,a,a
t3623,b,b,a
t3624,b,b,a
t3625,b,a,a
t3626,b,b,a
t3627,b,a,b
t3628,b,b,b
t3629,b,b,a
t3630,b,b,b
t3631,b,b,a
t3632,b,a,b
t3633,b,b,b
t3634,a,a,b
t3635,b,a,b
t3636,b,a,b
t3637,b,b,a
t3638,b,b,a
t3639,a,a,b
t3640,b,b,b
t3641,a,b,a
t3642,a,a,a
t3643,a,a,b
t3644,b,b,a
t3645,a,a,a
t3646,a,b,a
t3647,a,a,b
t3648,b,b,b
t3649,a,a,a
t3650,b,b,a
t3651,a,b,b
t3652,b,a,b
t3653,a,a,a
t3654,a,a,a
t3655,b,a,a
t3656,b,a,b
t3657,a,a,b
t3658,b,b,b
t3659,b,b,b
t3660,b,b,a
t3661,b,a,b
t3662,b,a,b
t3663,b,b,b
t3664,b,b,b
t3665,a,a,a
t3666,b,a,a
t3667,b,b,b
t3668,b,b,a
t3669,a,b,a
t3670,b,b,a
t3671,b,a,a
t3672,b,a,b
t3673,b,b,a
t3674,b,a,a
t3675,b,a,b
t3676,b,a,b
t3677,a,a,a
t3678,b,b,b
t3679,b,a,b
t3680,b,a,a
t3681,b,a,a
t3682,b,a,a
t3683,b,b,a
t3684,b,b,b
t3685,a,a,a
t3686,b,a,a
t3687,b,b,a
t3688,b,b,b
t3689,b,a,a
t3690,b,b,b
t3691,b,b,a
t3692,a,a,b
t3693,b,b,a
t3694,b,b,b
t3695,b,a,b
t3696,b,a,b
t3697,b,b,b
t3698,b,b,a
t3699,b,a,b
t3700,b,b,b
t3701,a,a,b
t3702,a,a,a
t3703,b,a,a
t3704,b,a,a
t3705,a,a,a
t3706,b,b,a
t3707,b,a,b
t3708,b,b,a
t3709,b,a,a
t3710,b,b,b
t3711,a,a,a
t3712,a,a,a
t3713,b,a,b
t3714,b,b,a
t3715,b,a,b
t3716,a,a,a
t3717,b,a,b
t3718,b,b,a
t3719,b,a,b
t3720,b,b,b
t3721,b,a,a
t3722,b,a,a
t3723,a,a,b
t3724,b,a,b
t3725,b,a,a
t3726,a,a,a
t3727,a,a,a
t3728,b,b,b
t3729,b,a,b
t3730,a,b,a
t3731,b,a,b
t3732,a,a,b
t3733,b,a,b
t3734,b,b,b
t3735,b,a,b
t3736,b,b,b
t3737,a,a,b
t3738,b,b,a
t3739,b,a,b
t3740,b,b,a
t3741,a,a,a
t3742,b,a,a
t3743,b,b,b
t3744,b,b,b
t3745,a,a,a
t3746,b,a,b
t3747,a,b,a
t3748,b,b,a
t3749,b,a,a
t3750,b,b,b
t3751,a,a,a
t3752,b,a,b
t3753,b,a,a
t3754,b,b,b
t3755,b,a,b
t3756,a,a,b
t3757,b,a,a
t3758,b,b,a
t3759,b,b,a
t3760,b,a,a
t3761,a,a,a
t3762,b,a,a
t3763,b,a,a
t3764,a,a,b
t3765,b,a,a
t3766,b,a,a
t3767,a,a,a
t3768,b,b,a
t3769,b,a,b
t3770,b,b,a
t3771,a,b,b
t3772,b,a,a
t3773,b,b,a
t3774,b,b,a
t3775,b,a,b
t3776,b,a,b
t3777,b,b,b
t3778,b,b,a
t3779,b,a,b
t3780,b,b,a
t3781,a,a,a
t3782,b,a,a
t3783,b,a,a
t3784,b,b,a
t3785,b,a,a
t3786,b,b,a
t3787,b,a,b
t3788,b,b,b
t3789,b,b,a
t3790,b,b,b
t3791,b,a,a
t3792,a,a,b
t3793,b,a,a
t3794,b,b,a
t3795,b,a,b
t3796,b,b,b
t3797,b,a,a
t3798,b,b,a
t3799,b,a,b
t3800,b,b,b
t3801,b,b,a
t3802,b,a,a
t3803,a,b,b
t3804,b,b,a
t3805,b,a,a
t3806,b,a,a
t3807,a,b,b
t3808,b,b,b
t3809,b,b,a
t3810,b,b,a
t3811,a,a,a
t3812,b,a,b
t3813,b,b,a
t3814,b,b,b
t3815,b,a,a
t3816,b,a,b
t3817,a,a,b
t3818,b,b,a
t3819,b,a,b
t3820,b,b,a
t3821,b,a,a
t3822,a,a,b
t3823,b,a,b
t3824,b,b,a
t3825,b,a,a
t3826,b,a,a
t3827,b,a,b
t3828,b,b,b
t3829,b,a,a
t3830,b,b,a
t3831,b,a,b
t3832,b,a,b
t3833,b,b,a
t3834,b,a,b
t3835,b,a,b
t3836,b,a,b
t3837,b,b,a
t3838,b,b,b
t3839,b,a,b
t3840,b,b,a
t3841,a,a,b
t3842,b,a,a
t3843,b,b,a
t3844,b,b,b
t3845,b,a,a
t3846,b,a,b
t3847,b,b,a
t3848,b,b,a
t3849,b,b,b
t3850,b,b,a
t3851,b,b,b
t3852,a,a,a
t3853,a,a,b
t3854,b,b,a
t3855,b,b,b
t3856,b,b,b
t3857,b,b,a
t3858,b,b,a
t3859,b,a,b
t3860,b,b,b
t3861,b,a,b
t3862,b,a,a
t3863,b,b,a
t3864,b,b,a
t3865,b,a,a
t3866,b,b,a
t3867,b,a,b
t3868,b,b,a
t3869,b,b,a
t3870,b,b,b
t3871,b,a,a
t3872,b,a,a
t3873,b,b,a
t3874,b,a,b
t3875,b,a,b
t3876,b,a,b
t3877,b,a,b
t3878,b,b,a
t3879,b,a,b
t3880,b,b,b
t3881,b,a,b
t3882,b,a,a
t3883,b,a,b
t3884,b,b,a
t3885,b,a,a
t3886,b,a,a
t3887,b,a,b
t3888,b,b,b
t3889,b,a,b
t3890,b,b,a
t3891,a,b,b
t3892,b,a,a
t3893,b,b,a
t3894,b,b,b
t3895,b,a,b
t3896,b,a,b
t3897,a,b,b
t3898,b,b,b
t3899,b,a,b
t3900,b,b,a
t3901,a,a,a
t3902,b,a,a
t3903,b,a,b
t3904,b,a,b
t3905,a,a,b
t3906,b,b,a
t3907,a,a,a
t3908,b,b,b
t3909,b,b,a
t3910,b,b,a
t3911,a,b,b
t3912,b,a,b
t3913,b,b,a
t3914,b,a,a
t3915,b,a,b
t3916,b,a,b
t3917,b,b,a
t3918,b,b,b
t3919,b,b,b
t3920,b,b,a
t3921,b,b,a
t3922,b,a,a
t3923,b,b,b
t3924,b,b,b
t3925,b,a,a
t3926,b,a,a
t3927,b,a,a
t3928,b,b,a
t3929,b,b,a
t3930,b,b,a
t3931,b,b,b
t3932,b,a,a
t3933,b,a,b
t3934,b,a,a
t3935,b,a,b
t3936,b,a,b
t3937,b,b,a
t3938,b,b,b
t3939,b,a,b
t3940,b,b,a
t3941,b,b,a
t3942,b,a,a
t3943,b,a,a
t3944,b,a,a
t3945,b,b,b
t3946,b,a,a
t3947,b,a,a
t3948,b,b,b
t3949,b,a,a
t3950,b,b,b
t3951,b,b,a
t3952,b,a,a
t3953,b,b,b
t3954,a,a,b
t3955,b,a,b
t3956,b,a,b
t3957,b,a,b
t3958,b,b,a
t3959,b,a,a
t3960,b,b,b
t3961,b,b,a
t3962,b,a,a
t3963,b,a,b
t3964,b,a,b
t3965,b,a,a
t3966,b,b,b
t3967,b,a,b
t3968,b,b,b
t3969,b,b,b
t3970,b,b,a
t3971,a,a,b
t3972,b,a,b
t3973,b,a,a
t3974,b,b,b
t3975,b,a,b
t3976,b,b,a
t3977,b,a,a
t3978,b,a,a
t3979,b,b,b
t3980,b,b,a
t3981,b,a,a
t3982,b,a,b
t3983,b,a,b
t3984,b,b,b
t3985,b,a,b
t3986,b,b,a
t3987,b,a,a
t3988,b,b,b
t3989,a,a,a
t3990,b,a,a
t3991,b,b,b
t3992,b,a,b
t3993,b,a,b
t3994,b,b,b
t3995,b,a,a
t3996,b,a,b
t3997,a,b,a
t3998,b,b,a
t3999,b,a,b
t4000,a,a,b
t4001,b,b,a
t4002,b,b,a
t4003,a,b,b
t4004,a,b,a
t4005,a,a,a
t4006,b,b,a
t4007,b,b,a
t4008,a,b,a
t4009,b,b,b
t4010,a,a,b
t4011,a,b,b
t4012,b,b,a
t4013,a,a,a
t4014,a,b,a
t4015,b,a,b
t4016,a,a,b
t4017,a,a,b
t4018,a,b,a
t4019,b,b,b
t4020,a,a,b
t4021,a,a,a
t4022,b,b,a
t4023,a,b,a
t4024,b,b,a
t4025,b,b,b
t4026,a,b,a
t4027,a,a,b
t4028,a,a,b
t4029,b,b,a
t4030,a,a,b
t4031,a,b,a
t4032,b,b,b
t4033,a,b,a
t4034,a,b,a
t4035,a,a,b
t4036,a,a,b
t4037,a,a,a
t4038,a,a,a
t4039,b,b,a
t4040,a,a,b
t4041,a,b,b
t4042,b,b,b
t4043,a,a,b
t4044,a,a,b
t4045,a,a,a
t4046,a,a,a
t4047,b,b,b
t4048,a,a,a
t4049,b,b,b
t4050,a,a,a
t4051,b,b,a
t4052,b,b,b
t4053,a,b,a
t4054,a,a,a
t4055,b,b,a
t4056,b,b,a
t4057,a,b,a
t4058,a,a,a
t4059,b,b,b
t4060,a,a,a
t4061,a,b,a
t4062,a,b,b
t4063,a,a,b
t4064,a,b,a
t4065,a,a,a
t4066,a,b,a
t4067,a,b,a
t4068,a,b,b
t4069,b,b,a
t4070,a,a,a
t4071,b,b,b
t4072,b,b,b
t4073,a,b,a
t4074,a,b,b
t4075,a,b,b
t4076,a,a,b
t4077,b,b,a
t4078,a,a,a
t4079,b,b,a
t4080,a,a,a
t4081,b,b,a
t4082,b,b,a
t4083,a,a,b
t4084,a,b,b
t4085,b,b,a
t4086,a,a,a
t4087,a,b,a
t4088,a,a,a
t4089,b,b,a
t4090,a,a,b
t4091,a,a,b
t4092,b,b,a
t4093,a,b,a
t4094,a,a,a
t4095,a,b,b
t4096,a,b,b
t4097,b,b,a
t4098,a,a,a
t4099,b,b,b
t4100,a,a,a
t4101,b,b,a
t4102,b,b,a
t4103,a,a,a
t4104,a,b,a
t4105,b,b,b
t4106,a,a,a
t4107,a,b,a
t4108,a,a,b
t4109,b,b,a
t4110,a,a,b
t4111,a,a,a
t4112,b,b,b
t4113,a,b,b
t4114,a,b,a
t4115,a,a,b
t4116,a,a,b
t4117,a,b,a
t4118,a,a,a
t4119,b,b,b
t4120,a,a,b
t4121,b,b,a
t4122,b,b,a
t4123,a,a,b
t4124,a,b,a
t4125,a,a,a
t4126,a,a,a
t4127,a,b,a
t4128,a,a,b
t4129,b,b,b
t4130,a,a,a
t4131,a,b,b
t4132,b,b,b
t4133,a,a,a
t4134,a,b,b
t4135,a,a,a
t4136,a,a,b
t4137,a,b,b
t4138,a,a,b
t4139,b,b,b
t4140,a,a,a
t4141,a,b,b
t4142,b,b,a
t4143,a,a,a
t4144,a,a,b
t4145,a,b,a
t4146,a,b,a
t4147,b,b,a
t4148,a,a,b
t4149,b,b,a
t4150,a,a,a
t4151,a,a,b
t4152,b,b,b
t4153,a,a,a
t4154,a,a,b
t4155,a,a,a
t4156,b,a,b
t4157,a,a,a
t4158,a,a,b
t4159,b,b,b
t4160,b,a,a
t4161,b,a,a
t4162,b,b,a
t4163,a,b,a
t4164,a,b,a
t4165,a,b,a
t4166,a,b,a
t4167,a,b,a
t4168,a,b,a
t4169,b,b,a
t4170,a,a,b
t4171,b,b,b
t4172,b,b,b
t4173,a,a,a
t4174,a,a,a
t4175,a,b,b
t4176,a,a,b
t4177,a,b,b
t4178,a,b,a
t4179,b,a,b
t4180,a,a,b
t4181,b,b,a
t4182,b,b,a
t4183,a,a,a
t4184,a,b,a
t4185,a,b,a
t4186,a,a,a
t4187,a,b,b
t4188,a,b,b
t4189,b,a,a
t4190,a,a,b
t4191,b,b,b
t4192,b,b,a
t4193,a,a,a
t4194,a,b,a
t4195,b,a,b
t4196,b,a,b
t4197,a,b,a
t4198,a,a,a
t4199,b,b,b
t4200,a,a,b
t4201,b,b,a
t4202,b,b,a
t4203,a,a,b
t4204,a,a,b
t4205,b,b,a
t4206,a,b,a
t4207,b,b,b
t4208,a,a,b
t4209,b,a,b
t4210,a,a,a
t4211,b,b,b
t4212,b,a,b
t4213,a,b,a
t4214,b,b,b
t4215,a,a,b
t4216,a,b,a
t4217,b,b,b
t4218,a,b,a
t4219,b,b,b
t4220,a,a,a
t4221,b,b,a
t4222,b,b,b
t4223,a,a,b
t4224,a,a,a
t4225,a,a,a
t4226,a,b,a
t4227,a,b,a
t4228,a,a,b
t4229,b,b,a
t4230,a,a,a
t4231,b,b,b
t4232,b,b,b
t4233,a,a,a
t4234,a,a,a
t4235,a,b,b
t4236,b,b,b
t4237,b,b,a
t4238,a,a,a
t4239,b,b,a
t4240,a,b,a
t4241,b,b,a
t4242,b,b,a
t4243,a,a,b
t4244,b,b,b
t4245,b,b,a
t4246,a,b,a
t4247,b,b,a
t4248,a,a,a
t4249,b,b,b
t4250,a,a,a
t4251,b,b,a
t4252,b,b,a
t4253,a,a,a
t4254,a,b,a
t4255,a,b,b
t4256,a,a,a
t4257,a,b,b
t4258,a,a,a
t4259,b,b,b
t4260,a,a,a
t4261,a,b,a
t4262,b,b,a
t4263,a,a,a
t4264,b,a,a
t4265,b,b,b
t4266,a,a,a
t4267,a,b,a
t4268,a,b,b
t4269,b,b,a
t4270,a,a,b
t4271,b,b,a
t4272,b,b,a
t4273,a,a,b
t4274,a,b,a
t4275,b,a,b
t4276,a,a,b
t4277,a,a,a
t4278,a,b,a
t4279,b,b,a
t4280,a,a,a
t4281,a,b,a
t4282,a,a,a
t4283,a,a,a
t4284,a,a,b
t4285,a,a,a
t4286,b,b,b
t4287,a,b,b
t4288,a,a,b
t4289,b,b,a
t4290,a,a,a
t4291,b,b,a
t4292,b,b,a
t4293,a,a,a
t4294,a,b,a
t4295,b,b,a
t4296,b,a,a
t4297,a,b,a
t4298,a,a,a
t4299,b,b,a
t4300,a,a,b
t4301,a,b,a
t4302,b,b,a
t4303,a,a,b
t4304,a,a,b
t4305,a,b,a
t4306,a,b,a
t4307,a,b,a
t4308,a,a,b
t4309,b,b,b
t4310,a,a,b
t4311,a,b,b
t4312,b,b,b
t4313,a,b,a
t4314,a,a,b
t4315,a,a,b
t4316,a,b,b
t4317,a,b,b
t4318,a,a,b
t4319,b,b,b
t4320,a,a,a
t4321,a,b,a
t4322,b,b,a
t4323,a,a,a
t4324,a,a,a
t4325,a,a,a
t4326,a,a,a
t4327,a,b,a
t4328,a,b,a
t4329,b,b,b
t4330,a,a,b
t4331,b,b,b
t4332,b,b,a
t4333,a,b,a
t4334,a,a,a
t4335,a,b,b
t4336,a,b,b
t4337,a,b,a
t4338,a,a,a
t4339,b,b,b
t4340,a,a,a
t4341,a,b,a
t4342,b,b,a
t4343,a,b,a
t4344,a,a,a
t4345,a,b,a
t4346,b,b,a
t4347,a,b,b
t4348,a,b,b
t4349,b,b,a
t4350,a,a,b
t4351,a,b,a
t4352,b,b,b
t4353,a,b,b
t4354,a,b,b
t4355,a,b,b
t4356,a,b,b
t4357,b,b,a
t4358,a,a,a
t4359,a,b,b
t4360,a,a,b
t4361,a,b,a
t4362,b,b,a
t4363,a,a,b
t4364,a,b,b
t4365,a,b,a
t4366,a,a,a
t4367,a,b,b
t4368,a,a,b
t4369,b,b,b
t4370,a,a,a
t4371,b,b,b
t4372,b,b,b
t4373,a,a,a
t4374,a,b,a
t4375,a,a,b
t4376,a,b,b
t4377,a,b,b
t4378,a,a,a
t4379,b,b,b
t4380,a,a,a
t4381,b,b,b
t4382,a,b,b
t4383,a,a,b
t4384,a,a,b
t4385,a,b,a
t4386,a,b,a
t4387,a,b,a
t4388,a,a,b
t4389,b,b,a
t4390,a,a,a
t4391,b,b,a
t4392,b,b,b
t4393,a,a,a
t4394,a,b,b
t4395,a,a,a
t4396,a,a,b
t4397,b,b,a
t4398,a,a,a
t4399,a,b,a
t4400,a,a,b
t4401,a,b,a
t4402,a,b,a
t4403,a,b,b
t4404,a,b,b
t4405,a,a,a
t4406,a,b,a
t4407,a,b,a
t4408,a,b,a
t4409,b,b,b
t4410,a,a,a
t4411,b,b,b
t4412,a,b,b
t4413,a,b,a
t4414,a,b,a
t4415,b,b,b
t4416,a,b,b
t4417,a,a,b
t4418,b,b,a
t4419,b,b,b
t4420,a,a,b
t4421,b,a,a
t4422,a,b,a
t4423,a,b,a
t4424,a,b,a
t4425,b,b,a
t4426,a,a,a
t4427,a,b,b
t4428,b,b,b
t4429,b,b,a
t4430,a,a,b
t4431,a,a,b
t4432,b,b,a
t4433,a,a,a
t4434,a,b,a
t4435,a,a,b
t4436,a,a,b
t4437,b,a,a
t4438,a,b,a
t4439,b,b,b
t4440,a,a,b
t4441,b,b,a
t4442,b,b,a
t4443,a,a,b
t4444,b,b,b
t4445,a,b,a
t4446,b,a,a
t4447,a,b,a
t4448,a,b,b
t4449,b,b,b
t4450,a,a,a
t4451,a,b,b
t4452,a,b,b
t4453,a,a,a
t4454,a,b,b
t4455,a,b,a
t4456,a,a,b
t4457,b,b,b
t4458,a,b,a
t4459,b,b,b
t4460,a,a,a
t4461,b,b,b
t4462,a,a,b
t4463,a,a,b
t4464,a,b,a
t4465,a,b,a
t4466,b,a,a
t4467,b,b,b
t4468,b,b,b
t4469,b,b,a
t4470,a,a,a
t4471,a,b,b
t4472,b,b,b
t4473,a,a,a
t4474,a,a,a
t4475,a,a,b
t4476,b,a,b
t4477,a,a,a
t4478,a,b,a
t4479,b,b,b
t4480,a,a,a
t4481,b,b,a
t4482,a,a,b
t4483,a,a,a
t4484,a,b,b
t4485,b,a,a
t4486,a,b,a
t4487,a,b,a
t4488,a,b,a
t4489,b,b,b
t4490,a,a,b
t4491,a,b,b
t4492,a,b,a
t4493,a,a,a
t4494,a,a,b
t4495,b,b,b
t4496,a,a,b
t4497,a,a,a
t4498,a,b,a
t4499,b,b,b
t4500,a,a,a
t4501,b,b,b
t4502,b,b,a
t4503,a,a,a
t4504,a,b,a
t4505,a,a,a
t4506,a,a,a
t4507,a,a,b
t4508,a,b,b
t4509,b,b,a
t4510,a,a,b
t4511,b,b,b
t4512,a,b,a
t4513,a,a,a
t4514,a,a,a
t4515,a,b,b
t4516,a,b,b
t4517,a,b,b
t4518,b,b,a
t4519,b,b,b
t4520,a,a,b
t4521,b,b,a
t4522,b,b,a
t4523,a,a,b
t4524,a,a,a
t4525,a,b,a
t4526,a,a,a
t4527,b,b,b
t4528,a,b,b
t4529,b,b,b
t4530,a,a,a
t4531,a,b,b
t4532,a,a,a
t4533,a,b,a
t4534,a,a,b
t4535,a,b,a
t4536,a,a,b
t4537,a,a,b
t4538,a,b,a
t4539,b,b,b
t4540,a,a,a
t4541,b,b,b
t4542,a,b,b
t4543,a,a,b
t4544,b,b,b
t4545,a,a,b
t4546,a,b,a
t4547,a,b,a
t4548,a,b,b
t4549,b,b,a
t4550,a,a,a
t4551,b,b,b
t4552,b,b,b
t4553,a,a,a
t4554,a,b,a
t4555,b,b,b
t4556,a,a,b
t4557,a,b,a
t4558,a,b,a
t4559,b,b,b
t4560,a,b,a
t4561,b,b,b
t4562,b,b,a
t4563,a,a,a
t4564,a,b,a
t4565,a,b,a
t4566,a,a,a
t4567,a,b,a
t4568,a,b,a
t4569,b,b,b
t4570,a,a,b
t4571,b,b,b
t4572,a,a,a
t4573,a,b,a
t4574,a,a,a
t4575,a,b,b
t4576,a,b,b
t4577,a,b,b
t4578,a,b,a
t4579,b,b,b
t4580,a,a,b
t4581,a,b,a
t4582,b,b,a
t4583,a,a,a
t4584,a,b,a
t4585,a,b,a
t4586,a,a,a
t4587,a,b,a
t4588,a,a,a
t4589,b,b,a
t4590,a,a,b
t4591,b,b,a
t4592,a,b,a
t4593,a,a,b
t4594,a,a,a
t4595,a,a,b
t4596,a,a,b
t4597,a,b,b
t4598,a,b,a
t4599,b,b,b
t4600,a,a,b
t4601,b,b,a
t4602,b,b,a
t4603,a,a,b
t4604,a,a,b
t4605,a,b,a
t4606,a,a,a
t4607,a,a,a
t4608,a,a,b
t4609,b,b,b
t4610,a,a,a
t4611,b,b,b
t4612,b,b,b
t4613,a,a,a
t4614,a,b,b
t4615,b,b,a
t4616,a,b,a
t4617,a,b,b
t4618,a,a,a
t4619,b,b,b
t4620,a,a,a
t4621,b,b,a
t4622,a,b,b
t4623,a,a,b
t4624,a,b,b
t4625,a,b,a
t4626,a,b,a
t4627,a,b,b
t4628,a,a,b
t4629,b,b,a
t4630,a,a,a
t4631,b,b,b
t4632,b,b,b
t4633,a,a,a
t4634,a,b,b
t4635,a,b,a
t4636,a,a,b
t4637,a,b,a
t4638,a,a,b
t4639,b,b,a
t4640,a,a,a
t4641,b,b,a
t4642,b,b,a
t4643,a,a,b
t4644,a,b,b
t4645,a,b,a
t4646,a,a,a
t4647,a,b,a
t4648,a,a,a
t4649,b,b,b
t4650,a,a,a
t4651,b,b,b
t4652,b,b,b
t4653,a,a,a
t4654,a,a,a
t4655,a,b,b
t4656,a,b,b
t4657,a,b,b
t4658,a,a,a
t4659,b,b,b
t4660,a,a,b
t4661,b,b,a
t4662,b,b,a
t4663,a,a,a
t4664,a,b,a
t4665,b,a,a
t4666,a,a,a
t4667,a,a,b
t4668,a,a,b
t4669,b,b,b
t4670,a,a,b
t4671,b,b,b
t4672,a,b,a
t4673,a,a,b
t4674,a,b,a
t4675,b,b,b
t4676,a,b,b
t4677,a,a,a
t4678,a,b,a
t4679,b,b,b
t4680,a,a,b
t4681,b,b,a
t4682,b,b,a
t4683,a,a,b
t4684,a,b,b
t4685,b,a,a
t4686,a,a,a
t4687,a,b,b
t4688,a,b,b
t4689,b,b,b
t4690,a,a,a
t4691,b,b,b
t4692,b,b,b
t4693,a,a,a
t4694,a,b,a
t4695,a,b,b
t4696,a,b,b
t4697,a,b,b
t4698,a,a,a
t4699,b,b,b
t4700,a,a,a
t4701,b,b,b
t4702,a,b,b
t4703,a,a,b
t4704,a,b,a
t4705,a,b,a
t4706,a,b,a
t4707,b,b,b
t4708,a,a,b
t4709,b,b,a
t4710,a,a,b
t4711,a,b,b
t4712,a,b,b
t4713,a,a,a
t4714,a,b,a
t4715,a,b,b
t4716,a,a,b
t4717,a,b,a
t4718,b,b,b
t4719,b,b,a
t4720,a,a,a
t4721,b,b,a
t4722,b,b,a
t4723,a,b,b
t4724,a,b,b
t4725,a,a,a
t4726,b,b,a
t4727,a,b,a
t4728,a,b,a
t4729,b,b,b
t4730,a,a,a
t4731,b,a,b
t4732,b,b,a
t4733,a,a,b
t4734,a,b,a
t4735,a,b,b
t4736,b,b,b
t4737,a,b,a
t4738,a,b,a
t4739,b,b,b
t4740,a,a,b
t4741,b,b,a
t4742,a,b,a
t4743,a,a,a
t4744,a,a,a
t4745,b,b,a
t4746,b,b,a
t4747,b,b,b
t4748,a,b,a
t4749,b,b,a
t4750,a,a,b
t4751,b,b,a
t4752,a,b,a
t4753,a,a,b
t4754,a,b,a
t4755,a,a,b
t4756,a,b,b
t4757,a,b,b
t4758,a,b,a
t4759,b,b,b
t4760,a,a,b
t4761,a,b,a
t4762,b,b,a
t4763,a,a,b
t4764,a,b,a
t4765,a,b,a
t4766,a,b,a
t4767,a,b,b
t4768,a,a,b
t4769,b,b,a
t4770,a,a,a
t4771,b,b,b
t4772,b,b,a
t4773,a,a,a
t4774,a,b,b
t4775,b,a,a
t4776,a,a,b
t4777,a,b,b
t4778,a,a,a
t4779,b,b,b
t4780,a,b,a
t4781,b,b,a
t4782,a,b,a
t4783,a,a,b
t4784,a,b,b
t4785,b,b,b
t4786,b,b,a
t4787,b,b,a
t4788,a,a,b
t4789,b,b,a
t4790,a,a,b
t4791,b,b,b
t4792,b,b,b
t4793,a,b,b
t4794,a,a,a
t4795,a,a,b
t4796,a,a,b
t4797,a,a,a
t4798,a,a,a
t4799,b,b,a
t4800,a,b,b
t4801,a,b,a
t4802,b,b,a
t4803,b,b,b
t4804,b,b,b
t4805,a,a,a
t4806,a,b,a
t4807,a,b,a
t4808,b,b,a
t4809,a,a,b
t4810,a,b,b
t4811,b,b,b
t4812,b,b,b
t4813,a,a,a
t4814,b,b,a
t4815,a,a,b
t4816,b,a,b
t4817,a,a,b
t4818,b,b,a
t4819,b,a,b
t4820,a,b,a
t4821,b,a,a
t4822,a,b,a
t4823,a,a,a
t4824,a,a,a
t4825,a,b,a
t4826,a,a,a
t4827,a,b,b
t4828,b,b,b
t4829,a,a,a
t4830,a,b,b
t4831,a,b,a
t4832,b,b,b
t4833,b,a,a
t4834,b,b,a
t4835,b,b,b
t4836,b,a,b
t4837,a,a,a
t4838,b,b,a
t4839,b,a,b
t4840,a,b,b
t4841,b,a,a
t4842,b,b,a
t4843,a,b,b
t4844,b,b,a
t4845,b,a,a
t4846,b,a,a
t4847,a,a,b
t4848,b,b,a
t4849,b,a,b
t4850,a,a,a
t4851,a,b,b
t4852,a,b,b
t4853,a,a,a
t4854,b,a,a
t4855,b,b,a
t4856,a,a,b
t4857,a,b,a
t4858,b,b,a
t4859,a,a,b
t4860,a,b,a
t4861,b,a,a
t4862,b,b,b
t4863,a,b,b
t4864,b,b,a
t4865,a,b,b
t4866,b,a,a
t4867,a,b,a
t4868,a,b,b
t4869,b,a,a
t4870,a,a,a
t4871,b,b,b
t4872,a,b,b
t4873,a,a,a
t4874,a,b,a
t4875,a,b,b
t4876,b,a,b
t4877,a,a,a
t4878,a,b,b
t4879,a,a,b
t4880,a,a,a
t4881,a,a,a
t4882,a,b,a
t4883,a,b,a
t4884,b,b,b
t4885,a,a,a
t4886,a,a,a
t4887,a,b,a
t4888,b,b,a
t4889,b,a,b
t4890,a,a,b
t4891,b,a,b
t4892,b,b,b
t4893,a,a,b
t4894,a,b,a
t4895,b,a,b
t4896,b,b,b
t4897,a,b,a
t4898,b,b,a
t4899,a,b,b
t4900,a,a,b
t4901,b,a,a
t4902,b,b,a
t4903,b,b,a
t4904,a,a,a
t4905,b,a,a
t4906,a,a,a
t4907,a,b,b
t4908,b,b,b
t4909,a,a,a
t4910,b,a,b
t4911,b,a,a
t4912,b,b,a
t4913,a,b,a
t4914,a,b,a
t4915,b,b,b
t4916,a,a,b
t4917,a,a,a
t4918,a,b,a
t4919,a,b,b
t4920,b,a,b
t4921,a,a,b
t4922,b,b,a
t4923,b,a,b
t4924,a,a,a
t4925,b,a,a
t4926,a,b,b
t4927,a,a,b
t4928,b,b,b
t4929,b,a,a
t4930,b,b,a
t4931,b,a,b
t4932,b,b,b
t4933,b,a,a
t4934,b,b,b
t4935,a,b,b
t4936,a,a,b
t4937,a,b,b
t4938,b,b,a
t4939,a,a,b
t4940,a,a,a
t4941,b,b,a
t4942,a,b,b
t4943,a,a,b
t4944,a,a,b
t4945,b,b,a
t4946,a,a,a
t4947,a,b,a
t4948,b,b,b
t4949,a,a,a
t4950,a,a,a
t4951,b,b,b
t4952,a,b,b
t4953,a,a,a
t4954,a,b,a
t4955,b,b,b
t4956,b,a,b
t4957,a,a,a
t4958,b,b,b
t4959,b,a,b
t4960,a,a,a
t4961,b,b,a
t4962,b,b,a
t4963,a,a,a
t4964,a,b,b
t4965,b,a,a
t4966,a,a,a
t4967,a,a,a
t4968,a,b,a
t4969,b,a,b
t4970,a,a,a
t4971,b,a,b
t4972,b,b,a
t4973,a,a,b
t4974,b,b,a
t4975,a,b,b
t4976,b,a,b
t4977,a,b,b
t4978,b,b,a
t4979,a,a,a
t4980,a,a,a
t4981,b,a,a
t4982,b,b,a
t4983,b,a,b
t4984,b,a,a
t4985,a,b,a
t4986,b,a,a
t4987,a,a,b
t4988,b,b,a
t4989,b,a,a
t4990,b,a,b
t4991,a,b,a
t4992,b,b,a
t4993,b,a,a
t4994,b,b,a
t4995,b,a,b
t4996,b,a,b
t4997,a,b,a
t4998,b,b,b
t4999,b,a,b
t5000,b,a,b
t5001,b,b,b
t5002,a,b,a
t5003,a,a,b
t5004,b,b,b
t5005,b,b,a
t5006,a,a,a
t5007,a,a,b
t5008,b,b,b
t5009,a,a,b
t5010,a,a,a
t5011,b,b,b
t5012,b,b,b
t5013,a,a,a
t5014,a,b,a
t5015,b,b,a
t5016,a,a,b
t5017,a,a,b
t5018,a,b,a
t5019,a,a,b
t5020,b,a,a
t5021,b,a,a
t5022,a,b,b
t5023,a,b,b
t5024,b,a,b
t5025,b,b,a
t5026,b,a,b
t5027,a,a,a
t5028,b,b,a
t5029,a,a,a
t5030,b,a,a
t5031,b,a,a
t5032,a,b,b
t5033,b,b,a
t5034,b,b,b
t5035,b,a,b
t5036,b,a,b
t5037,a,a,a
t5038,b,b,b
t5039,a,a,b
t5040,b,a,a
t5041,a,a,a
t5042,b,a,a
t5043,b,b,a
t5044,b,a,b
t5045,b,b,b
t5046,b,a,a
t5047,a,b,a
t5048,b,b,a
t5049,a,a,b
t5050,a,b,a
t5051,b,a,b
t5052,a,a,b
t5053,a,a,a
t5054,a,a,a
t5055,a,b,b
t5056,b,a,b
t5057,a,b,a
t5058,b,b,a
t5059,a,a,b
t5060,a,a,a
t5061,a,a,a
t5062,a,b,a
t5063,a,b,a
t5064,b,a,a
t5065,b,b,a
t5066,b,a,a
t5067,a,b,b
t5068,b,b,b
t5069,a,a,a
t5070,a,a,b
t5071,b,b,a
t5072,a,a,a
t5073,a,a,a
t5074,a,a,a
t5075,b,a,b
t5076,b,b,b
t5077,a,b,a
t5078,b,b,a
t5079,b,a,b
t5080,b,a,b
t5081,b,b,a
t5082,b,b,a
t5083,b,b,b
t5084,b,b,b
t5085,b,a,a
t5086,b,a,a
t5087,a,a,b
t5088,b,b,b
t5089,a,a,b
t5090,b,a,a
t5091,b,a,b
t5092,a,b,b
t5093,b,b,a
t5094,b,b,a
t5095,b,a,a
t5096,b,a,b
t5097,a,a,b
t5098,b,b,a
t5099,b,a,b
t5100,a,b,a
t5101,b,a,a
t5102,a,b,b
t5103,a,b,b
t5104,a,b,a
t5105,b,a,a
t5106,a,a,a
t5107,a,b,b
t5108,b,b,b
t5109,a,a,b
t5110,a,a,a
t5111,b,b,b
t5112,a,b,b
t5113,a,a,a
t5114,a,b,a
t5115,b,a,b
t5116,b,a,b
t5117,b,b,a
t5118,b,b,b
t5119,b,a,b
t5120,b,a,b
t5121,b,a,a
t5122,a,b,a
t5123,a,a,a
t5124,b,b,b
t5125,a,a,a
t5126,b,b,a
t5127,a,b,a
t5128,b,b,a
t5129,a,a,a
t5130,a,b,a
t5131,b,a,b
t5132,b,b,a
t5133,a,a,a
t5134,b,b,a
t5135,a,a,b
t5136,b,a,b
t5137,b,b,b
t5138,b,b,a
t5139,a,a,b
t5140,b,a,b
t5141,b,b,a
t5142,b,a,a
t5143,b,b,a
t5144,b,a,a
t5145,b,b,a
t5146,a,a,a
t5147,b,b,b
t5148,b,b,b
t5149,a,a,a
t5150,b,a,b
t5151,b,a,a
t5152,a,b,b
t5153,a,a,a
t5154,a,b,a
t5155,b,b,b
t5156,a,a,b
t5157,a,a,a
t5158,b,b,a
t5159,b,a,b
t5160,a,b,b
t5161,b,a,a
t5162,a,b,a
t5163,b,b,b
t5164,b,b,b
t5165,b,a,a
t5166,a,a,a
t5167,a,a,b
t5168,b,b,b
t5169,a,a,b
t5170,a,b,a
t5171,a,a,b
t5172,b,b,b
t5173,a,b,a
t5174,b,b,b
t5175,a,a,b
t5176,a,a,b
t5177,a,b,b
t5178,b,b,a
t5179,a,a,b
t5180,b,b,a
t5181,b,a,a
t5182,b,b,b
t5183,b,a,b
t5184,b,a,b
t5185,b,a,a
t5186,b,a,a
t5187,a,b,a
t5188,a,b,b
t5189,a,a,a
t5190,b,a,a
t5191,b,b,b
t5192,b,b,b
t5193,b,a,a
t5194,b,a,a
t5195,b,b,b
t5196,b,b,b
t5197,b,b,a
t5198,b,b,b
t5199,a,a,b
t5200,a,a,b
t5201,b,a,a
t5202,a,b,a
t5203,a,b,b
t5204,b,a,b
t5205,a,a,a
t5206,b,a,a
t5207,a,a,a
t5208,b,b,a
t5209,a,a,b
t5210,a,a,b
t5211,b,a,b
t5212,a,a,b
t5213,b,b,a
t5214,b,a,a
t5215,a,a,b
t5216,b,a,b
t5217,a,b,b
t5218,b,b,a
t5219,b,a,b
t5220,a,a,a
t5221,b,b,a
t5222,b,a,a
t5223,b,b,a
t5224,b,a,a
t5225,b,a,a
t5226,a,b,a
t5227,a,b,b
t5228,b,b,b
t5229,a,a,a
t5230,a,a,b
t5231,b,a,a
t5232,a,b,b
t5233,a,b,a
t5234,a,b,a
t5235,a,a,b
t5236,b,a,b
t5237,a,b,a
t5238,b,b,a
t5239,a,a,b
t5240,a,a,b
t5241,a,a,a
t5242,a,b,b
t5243,b,a,b
t5244,a,b,a
t5245,a,b,a
t5246,a,a,b
t5247,b,b,b
t5248,b,b,b
t5249,a,a,a
t5250,a,a,a
t5251,a,a,b
t5252,a,b,b
t5253,a,b,a
t5254,b,a,a
t5255,a,a,a
t5256,a,a,b
t5257,b,b,b
t5258,b,a,b
t5259,a,a,b
t5260,a,a,a
t5261,a,a,b
t5262,a,b,b
t5263,a,a,b
t5264,b,a,a
t5265,a,b,b
t5266,b,b,a
t5267,a,a,b
t5268,b,b,b
t5269,a,a,a
t5270,b,a,a
t5271,b,a,b
t5272,b,a,b
t5273,b,b,a
t5274,b,a,b
t5275,b,a,b
t5276,a,a,b
t5277,b,b,a
t5278,b,b,b
t5279,a,a,a
t5280,a,a,b
t5281,a,a,a
t5282,a,a,a
t5283,a,b,b
t5284,a,a,b
t5285,a,a,a
t5286,b,a,a
t5287,a,b,b
t5288,a,a,a
t5289,b,a,b
t5290,b,a,b
t5291,b,a,b
t5292,a,b,b
t5293,a,b,a
t5294,a,a,a
t5295,a,b,b
t5296,a,b,b
t5297,a,a,b
t5298,b,b,a
t5299,a,a,b
t5300,a,a,a
t5301,a,a,a
t5302,a,b,a
t5303,b,b,a
t5304,b,a,a
t5305,a,a,a
t5306,b,a,a
t5307,b,b,b
t5308,b,b,b
t5309,a,a,a
t5310,a,a,b
t5311,a,a,b
t5312,a,a,a
t5313,a,b,a
t5314,b,a,a
t5315,b,a,b
t5316,b,a,b
t5317,a,a,a
t5318,b,a,a
t5319,a,a,b
t5320,a,a,b
t5321,b,a,a
t5322,b,b,a
t5323,a,b,b
t5324,b,b,b
t5325,a,a,a
t5326,b,a,b
t5327,a,b,b
t5328,b,b,b
t5329,a,a,a
t5330,a,b,a
t5331,b,a,b
t5332,a,b,b
t5333,b,b,a
t5334,a,a,b
t5335,a,a,a
t5336,b,a,a
t5337,b,b,a
t5338,b,b,a
t5339,a,a,b
t5340,a,a,a
t5341,a,b,a
t5342,a,a,b
t5343,b,b,b
t5344,a,a,a
t5345,a,a,a
t5346,b,a,a
t5347,b,b,a
t5348,b,b,b
t5349,b,a,a
t5350,a,a,a
t5351,b,a,a
t5352,b,b,b
t5353,a,b,a
t5354,b,a,a
t5355,a,a,b
t5356,a,a,b
t5357,a,b,a
t5358,b,b,b
t5359,a,a,b
t5360,a,a,a
t5361,b,a,b
t5362,b,b,a
t5363,b,b,b
t5364,b,a,b
t5365,a,a,b
t5366,b,a,a
t5367,b,a,a
t5368,b,b,a
t5369,a,a,b
t5370,a,a,a
t5371,b,a,b
t5372,b,a,a
t5373,b,b,b
t5374,a,a,a
t5375,a,a,b
t5376,a,b,b
t5377,a,b,b
t5378,b,b,a
t5379,a,a,b
t5380,a,a,b
t5381,b,a,a
t5382,a,a,a
t5383,a,b,a
t5384,b,a,a
t5385,b,a,b
t5386,a,a,a
t5387,a,a,b
t5388,b,b,a
t5389,a,a,b
t5390,a,a,b
t5391,b,a,a
t5392,b,a,a
t5393,b,b,b
t5394,b,a,a
t5395,b,a,b
t5396,b,a,b
t5397,a,a,b
t5398,b,b,a
t5399,b,a,a
t5400,a,a,b
t5401,b,a,a
t5402,b,b,a
t5403,b,b,b
t5404,b,b,b
t5405,a,b,a
t5406,b,a,a
t5407,b,b,b
t5408,b,b,b
t5409,b,a,b
t5410,a,a,a
t5411,b,a,b
t5412,b,a,b
t5413,b,b,a
t5414,b,b,b
t5415,a,a,b
t5416,b,a,b
t5417,a,b,b
t5418,b,b,b
t5419,b,a,b
t5420,a,a,a
t5421,b,a,b
t5422,a,a,a
t5423,b,b,b
t5424,b,a,a
t5425,b,a,a
t5426,b,a,a
t5427,a,a,a
t5428,b,b,b
t5429,b,a,a
t5430,a,a,b
t5431,b,a,b
t5432,b,b,b
t5433,b,b,a
t5434,a,a,a
t5435,a,a,b
t5436,b,a,b
t5437,a,b,b
t5438,b,b,b
t5439,a,a,b
t5440,a,a,b
t5441,b,a,a
t5442,b,b,a
t5443,a,b,b
t5444,b,a,b
t5445,a,a,a
t5446,b,a,a
t5447,a,b,a
t5448,b,b,a
t5449,b,a,b
t5450,b,a,b
t5451,b,a,b
t5452,b,a,b
t5453,b,b,a
t5454,b,b,a
t5455,a,a,b
t5456,a,a,b
t5457,b,b,b
t5458,b,b,a
t5459,b,a,b
t5460,a,a,b
t5461,b,a,a
t5462,b,a,a
t5463,b,b,a
t5464,b,a,a
t5465,a,b,a
t5466,b,a,a
t5467,b,b,b
t5468,b,a,b
t5469,a,a,a
t5470,a,a,b
t5471,b,a,a
t5472,a,a,a
t5473,a,b,b
t5474,a,a,b
t5475,a,a,b
t5476,b,a,b
t5477,a,a,a
t5478,b,a,a
t5479,b,a,b
t5480,a,a,b
t5481,b,a,a
t5482,b,b,a
t5483,b,a,b
t5484,b,a,b
t5485,b,a,a
t5486,b,a,a
t5487,a,b,b
t5488,b,b,b
t5489,a,a,a
t5490,a,b,a
t5491,b,a,b
t5492,b,b,b
t5493,a,b,a
t5494,b,b,b
t5495,b,b,b
t5496,a,a,b
t5497,b,a,b
t5498,b,b,a
t5499,a,a,b
t5500,b,a,a
t5501,b,a,a
t5502,b,b,b
t5503,b,b,b
t5504,b,b,b
t5505,b,a,a
t5506,b,a,a
t5507,a,b,a
t5508,b,b,b
t5509,a,a,a
t5510,a,a,a
t5511,b,a,b
t5512,b,a,b
t5513,a,b,a
t5514,b,a,a
t5515,b,a,b
t5516,a,a,b
t5517,a,a,a
t5518,b,a,a
t5519,b,a,b
t5520,b,a,b
t5521,b,b,a
t5522,b,b,a
t5523,b,b,a
t5524,b,b,b
t5525,b,a,a
t5526,b,a,a
t5527,b,a,a
t5528,b,a,a
t5529,a,a,b
t5530,a,b,a
t5531,b,a,b
t5532,b,b,b
t5533,b,b,a
t5534,a,b,a
t5535,a,a,a
t5536,b,b,b
t5537,b,a,b
t5538,b,a,a
t5539,b,a,b
t5540,b,b,b
t5541,b,a,a
t5542,a,b,a
t5543,b,b,b
t5544,b,a,a
t5545,b,a,a
t5546,b,a,a
t5547,b,b,a
t5548,b,b,b
t5549,a,a,a
t5550,a,a,b
t5551,b,a,a
t5552,a,a,a
t5553,b,b,a
t5554,a,b,a
t5555,b,a,b
t5556,a,a,b
t5557,a,b,a
t5558,b,a,a
t5559,a,a,b
t5560,a,a,b
t5561,b,a,a
t5562,b,b,a
t5563,a,a,b
t5564,a,b,b
t5565,a,b,a
t5566,a,a,b
t5567,a,a,b
t5568,b,b,b
t5569,a,a,b
t5570,a,a,a
t5571,b,a,b
t5572,b,a,b
t5573,a,b,a
t5574,b,a,a
t5575,a,a,a
t5576,b,a,a
t5577,a,b,a
t5578,a,b,a
t5579,b,a,b
t5580,a,a,a
t5581,b,a,a
t5582,b,b,a
t5583,b,b,b
t5584,b,a,a
t5585,b,a,a
t5586,b,b,a
t5587,a,b,a
t5588,b,a,b
t5589,a,a,a
t5590,b,a,b
t5591,b,a,a
t5592,b,b,b
t5593,b,b,a
t5594,a,a,b
t5595,b,a,b
t5596,b,a,b
t5597,b,a,a
t5598,b,b,b
t5599,a,a,a
t5600,a,a,b
t5601,b,b,a
t5602,b,a,a
t5603,b,a,b
t5604,b,a,a
t5605,b,b,a
t5606,b,b,a
t5607,a,a,a
t5608,b,a,a
t5609,b,b,b
t5610,b,a,b
t5611,a,a,a
t5612,b,b,b
t5613,b,a,a
t5614,b,a,a
t5615,b,b,b
t5616,b,b,b
t5617,a,a,b
t5618,b,a,a
t5619,b,b,b
t5620,b,a,b
t5621,b,b,a
t5622,b,a,a
t5623,a,b,b
t5624,b,b,a
t5625,b,b,a
t5626,b,b,a
t5627,a,a,b
t5628,b,b,b
t5629,a,b,a
t5630,a,a,b
t5631,a,b,a
t5632,b,b,a
t5633,a,b,a
t5634,a,a,b
t5635,b,b,b
t5636,b,b,b
t5637,a,a,a
t5638,b,b,b
t5639,a,a,b
t5640,a,a,b
t5641,a,a,a
t5642,b,b,a
t5643,b,a,b
t5644,b,a,b
t5645,b,b,a
t5646,b,b,a
t5647,a,a,b
t5648,b,b,b
t5649,a,b,b
t5650,b,a,a
t5651,b,a,b
t5652,b,b,a
t5653,a,a,a
t5654,a,a,a
t5655,b,b,b
t5656,b,b,a
t5657,a,a,b
t5658,b,b,a
t5659,a,b,b
t5660,a,a,a
t5661,a,a,b
t5662,b,a,b
t5663,b,a,b
t5664,b,b,b
t5665,b,b,a
t5666,b,b,a
t5667,a,a,a
t5668,b,a,b
t5669,a,a,a
t5670,b,b,a
t5671,b,a,b
t5672,b,b,b
t5673,a,a,a
t5674,b,a,b
t5675,b,b,b
t5676,b,b,b
t5677,a,a,a
t5678,a,a,a
t5679,b,a,a
t5680,a,a,a
t5681,b,a,b
t5682,b,a,a
t5683,a,a,b
t5684,b,b,b
t5685,b,b,b
t5686,b,b,b
t5687,a,a,a
t5688,a,b,b
t5689,b,a,b
t5690,a,a,a
t5691,a,b,b
t5692,b,b,a
t5693,b,b,b
t5694,b,b,a
t5695,b,b,b
t5696,b,b,b
t5697,a,a,a
t5698,b,b,a
t5699,b,b,b
t5700,b,a,a
t5701,b,b,a
t5702,b,a,a
t5703,a,a,a
t5704,a,b,a
t5705,b,b,a
t5706,b,b,a
t5707,a,a,a
t5708,b,b,b
t5709,b,b,b
t5710,a,b,b
t5711,b,b,a
t5712,b,b,b
t5713,b,b,a
t5714,b,b,a
t5715,b,b,b
t5716,b,b,b
t5717,a,a,a
t5718,b,b,a
t5719,a,a,a
t5720,a,a,b
t5721,a,a,a
t5722,b,b,a
t5723,a,a,b
t5724,a,a,b
t5725,b,b,a
t5726,b,b,a
t5727,a,a,b
t5728,b,b,a
t5729,a,b,b
t5730,a,b,a
t5731,a,b,a
t5732,a,b,b
t5733,a,b,a
t5734,b,a,a
t5735,b,b,a
t5736,b,b,b
t5737,a,a,b
t5738,b,b,a
t5739,b,b,b
t5740,a,a,a
t5741,a,b,a
t5742,b,b,b
t5743,b,a,b
t5744,b,b,b
t5745,b,b,a
t5746,b,b,a
t5747,a,a,b
t5748,a,b,b
t5749,a,b,a
t5750,b,a,b
t5751,b,a,b
t5752,b,b,b
t5753,b,b,a
t5754,b,b,a
t5755,b,b,b
t5756,b,b,b
t5757,a,a,a
t5758,b,b,a
t5759,b,a,a
t5760,b,a,a
t5761,a,b,a
t5762,b,b,a
t5763,b,a,a
t5764,b,b,b
t5765,b,b,a
t5766,b,b,a
t5767,a,a,a
t5768,a,b,a
t5769,b,a,b
t5770,a,a,a
t5771,a,b,b
t5772,a,b,a
t5773,a,a,b
t5774,b,b,a
t5775,b,b,b
t5776,b,b,b
t5777,a,a,a
t5778,b,b,a
t5779,b,b,b
t5780,b,a,b
t5781,a,a,a
t5782,b,b,a
t5783,b,a,a
t5784,b,a,a
t5785,b,b,a
t5786,b,b,a
t5787,a,a,b
t5788,a,b,a
t5789,a,a,a
t5790,a,a,b
t5791,b,b,a
t5792,b,a,b
t5793,a,b,a
t5794,b,a,b
t5795,b,b,b
t5796,b,a,b
t5797,a,a,b
t5798,b,b,a
t5799,b,b,b
t5800,a,a,b
t5801,a,a,b
t5802,b,a,a
t5803,b,a,b
t5804,b,b,a
t5805,b,b,a
t5806,b,b,b
t5807,a,a,b
t5808,b,b,b
t5809,b,b,b
t5810,b,b,a
t5811,a,a,b
t5812,a,b,b
t5813,b,a,a
t5814,b,b,b
t5815,b,b,a
t5816,b,b,b
t5817,a,a,b
t5818,a,a,a
t5819,b,b,b
t5820,a,a,b
t5821,a,b,b
t5822,b,b,b
t5823,a,a,b
t5824,b,a,b
t5825,b,b,b
t5826,b,b,a
t5827,b,a,a
t5828,b,a,b
t5829,a,a,a
t5830,a,a,a
t5831,b,a,a
t5832,b,a,b
t5833,a,a,a
t5834,a,b,b
t5835,b,b,b
t5836,b,b,b
t5837,a,a,a
t5838,a,a,a
t5839,a,a,a
t5840,a,a,b
t5841,a,a,a
t5842,b,a,a
t5843,a,a,a
t5844,a,b,b
t5845,b,a,a
t5846,b,a,a
t5847,a,a,a
t5848,b,a,a
t5849,a,a,b
t5850,a,a,b
t5851,a,b,b
t5852,a,b,b
t5853,a,a,a
t5854,a,b,a
t5855,b,b,a
t5856,b,b,b
t5857,a,a,b
t5858,b,a,a
t5859,a,b,b
t5860,b,a,a
t5861,a,b,a
t5862,b,b,b
t5863,a,a,a
t5864,a,a,a
t5865,b,a,a
t5866,b,b,a
t5867,a,a,a
t5868,b,a,b
t5869,a,a,a
t5870,a,b,b
t5871,a,b,a
t5872,b,b,b
t5873,b,a,a
t5874,a,b,a
t5875,b,b,b
t5876,b,a,b
t5877,a,a,a
t5878,b,a,a
t5879,a,b,b
t5880,a,b,b
t5881,a,a,a
t5882,b,b,a
t5883,a,a,b
t5884,a,b,a
t5885,b,b,a
t5886,b,b,a
t5887,a,a,b
t5888,a,a,b
t5889,a,a,a
t5890,a,a,a
t5891,a,b,b
t5892,b,b,b
t5893,a,a,a
t5894,a,b,a
t5895,b,b,b
t5896,b,b,b
t5897,a,b,b
t5898,a,a,a
t5899,a,a,b
t5900,a,a,a
t5901,a,b,a
t5902,b,b,b
t5903,b,a,b
t5904,b,b,b
t5905,b,b,b
t5906,b,b,a
t5907,a,a,a
t5908,b,a,b
t5909,a,b,a
t5910,a,b,a
t5911,a,b,a
t5912,b,b,a
t5913,b,a,a
t5914,b,b,b
t5915,b,b,a
t5916,b,b,b
t5917,a,a,a
t5918,a,b,b
t5919,b,b,a
t5920,a,a,a
t5921,b,a,a
t5922,b,b,a
t5923,a,b,a
t5924,b,a,b
t5925,a,b,a
t5926,b,b,a
t5927,a,a,a
t5928,a,b,a
t5929,b,b,b
t5930,b,a,a
t5931,b,b,b
t5932,b,b,b
t5933,b,a,a
t5934,b,b,a
t5935,b,b,b
t5936,b,b,b
t5937,a,a,b
t5938,a,a,a
t5939,a,a,b
t5940,b,a,b
t5941,a,b,a
t5942,b,b,a
t5943,a,a,a
t5944,a,b,a
t5945,b,b,a
t5946,b,b,a
t5947,a,a,b
t5948,b,a,a
t5949,b,a,b
t5950,b,a,b
t5951,a,b,a
t5952,b,b,b
t5953,a,a,b
t5954,b,b,a
t5955,b,b,b
t5956,b,b,b
t5957,a,a,b
t5958,a,b,a
t5959,a,b,b
t5960,a,b,b
t5961,b,b,a
t5962,b,b,a
t5963,a,a,a
t5964,b,b,b
t5965,b,b,a
t5966,b,b,a
t5967,a,a,b
t5968,a,a,a
t5969,a,b,b
t5970,a,a,a
t5971,a,b,b
t5972,b,b,b
t5973,a,a,a
t5974,b,b,b
t5975,b,b,a
t5976,b,b,b
t5977,a,a,b
t5978,a,b,a
t5979,a,b,a
t5980,b,b,a
t5981,a,b,b
t5982,b,b,b
t5983,a,a,b
t5984,b,b,a
t5985,b,b,a
t5986,a,a,a
t5987,a,a,b
t5988,b,b,b
t5989,a,b,a
t5990,b,b,b
t5991,a,a,b
t5992,b,b,b
t5993,a,a,b
t5994,b,b,b
t5995,b,b,a
t5996,b,b,b
t5997,a,a,a
t5998,b,a,a
t5999,b,b,b
t6000,b,b,a
t6001,a,b,a
t6002,b,b,a
t6003,a,a,a
t6004,a,a,b
t6005,b,b,a
t6006,a,b,a
t6007,b,a,a
t6008,a,b,a
t6009,a,b,b
t6010,b,a,b
t6011,b,b,b
t6012,b,b,a
t6013,a,a,a
t6014,a,b,a
t6015,a,b,a
t6016,b,b,b
t6017,a,a,b
t6018,b,a,a
t6019,b,b,b
t6020,a,a,a
t6021,b,b,a
t6022,b,b,a
t6023,a,b,a
t6024,b,a,a
t6025,b,b,a
t6026,b,b,a
t6027,a,a,b
t6028,a,a,a
t6029,a,b,b
t6030,a,a,b
t6031,b,b,a
t6032,b,b,a
t6033,a,a,a
t6034,b,b,a
t6035,b,b,b
t6036,b,b,b
t6037,a,a,b
t6038,b,b,a
t6039,a,a,b
t6040,a,a,b
t6041,a,b,a
t6042,b,b,a
t6043,a,a,b
t6044,b,a,b
t6045,b,b,a
t6046,b,b,b
t6047,a,a,b
t6048,b,a,a
t6049,a,a,b
t6050,a,a,a
t6051,a,b,b
t6052,b,b,b
t6053,a,a,a
t6054,b,b,a
t6055,b,b,a
t6056,b,b,b
t6057,a,a,b
t6058,b,a,a
t6059,b,b,b
t6060,b,b,a
t6061,b,a,a
t6062,b,b,a
t6063,a,a,b
t6064,b,b,b
t6065,b,b,a
t6066,b,b,a
t6067,a,a,a
t6068,a,a,b
t6069,a,a,b
t6070,a,b,b
t6071,a,b,b
t6072,b,b,b
t6073,a,a,a
t6074,b,b,b
t6075,b,b,a
t6076,b,b,b
t6077,a,a,a
t6078,a,b,b
t6079,a,b,b
t6080,a,a,a
t6081,b,b,a
t6082,b,b,a
t6083,a,a,b
t6084,a,a,b
t6085,b,b,a
t6086,b,b,a
t6087,a,a,a
t6088,b,a,a
t6089,a,b,b
t6090,a,b,a
t6091,b,b,b
t6092,b,b,a
t6093,a,a,a
t6094,b,b,a
t6095,b,b,b
t6096,b,b,b
t6097,a,a,b
t6098,a,a,a
t6099,b,a,b
t6100,a,b,b
t6101,b,b,a
t6102,b,b,a
t6103,a,a,b
t6104,b,b,a
t6105,b,b,b
t6106,b,b,a
t6107,a,a,b
t6108,a,a,a
t6109,a,a,a
t6110,a,a,b
t6111,b,b,b
t6112,b,b,a
t6113,a,a,b
t6114,b,a,a
t6115,b,b,b
t6116,b,b,b
t6117,a,a,a
t6118,a,a,a
t6119,a,a,b
t6120,a,a,b
t6121,a,a,a
t6122,b,b,a
t6123,a,a,b
t6124,a,a,b
t6125,b,b,a
t6126,b,a,a
t6127,a,a,a
t6128,b,a,b
t6129,b,a,b
t6130,a,b,a
t6131,b,b,b
t6132,b,b,b
t6133,b,a,a
t6134,b,b,a
t6135,b,b,a
t6136,b,b,b
t6137,a,b,a
t6138,a,b,a
t6139,b,b,b
t6140,a,a,a
t6141,a,b,b
t6142,b,b,a
t6143,a,a,b
t6144,b,b,b
t6145,b,b,a
t6146,b,b,a
t6147,a,a,a
t6148,b,a,b
t6149,a,b,a
t6150,b,a,b
t6151,b,b,b
t6152,b,b,b
t6153,a,a,a
t6154,a,b,a
t6155,b,b,b
t6156,b,b,b
t6157,a,a,a
t6158,b,b,a
t6159,a,a,b
t6160,a,b,b
t6161,a,b,a
t6162,b,b,a
t6163,a,a,b
t6164,b,b,b
t6165,b,b,a
t6166,b,b,a
t6167,a,a,a
t6168,b,a,a
t6169,a,a,b
t6170,a,b,a
t6171,b,b,b
t6172,b,b,b
t6173,a,a,a
t6174,b,b,a
t6175,b,b,b
t6176,b,b,b
t6177,a,a,a
t6178,b,b,a
t6179,a,a,b
t6180,b,b,b
t6181,b,b,a
t6182,b,b,a
t6183,a,a,a
t6184,a,b,a
t6185,b,b,a
t6186,b,b,a
t6187,a,a,b
t6188,b,b,b
t6189,a,a,a
t6190,a,b,b
t6191,a,b,a
t6192,b,b,a
t6193,b,a,a
t6194,b,b,a
t6195,b,b,b
t6196,b,b,b
t6197,a,a,a
t6198,b,a,a
t6199,a,a,a
t6200,a,b,b
t6201,b,b,a
t6202,b,b,a
t6203,a,a,b
t6204,b,b,b
t6205,b,b,a
t6206,b,b,b
t6207,a,a,b
t6208,b,a,b
t6209,a,b,a
t6210,a,b,a
t6211,a,b,b
t6212,b,b,b
t6213,a,a,a
t6214,a,a,a
t6215,b,b,b
t6216,b,b,b
t6217,a,a,a
t6218,a,a,a
t6219,a,a,b
t6220,a,b,a
t6221,b,a,b
t6222,b,b,b
t6223,a,a,b
t6224,a,a,b
t6225,b,b,a
t6226,b,b,b
t6227,a,a,b
t6228,b,a,b
t6229,a,b,a
t6230,a,b,a
t6231,a,b,b
t6232,b,b,b
t6233,a,a,a
t6234,a,a,a
t6235,a,b,a
t6236,b,b,b
t6237,b,a,a
t6238,a,b,a
t6239,b,b,b
t6240,a,a,a
t6241,a,b,a
t6242,b,b,a
t6243,a,a,b
t6244,a,b,b
t6245,a,b,a
t6246,b,b,a
t6247,a,a,a
t6248,a,a,a
t6249,a,b,b
t6250,a,a,b
t6251,b,b,b
t6252,b,b,a
t6253,a,a,a
t6254,b,a,a
t6255,b,b,a
t6256,a,b,b
t6257,a,a,b
t6258,a,b,b
t6259,a,a,b
t6260,a,a,a
t6261,b,b,a
t6262,b,b,a
t6263,a,a,a
t6264,a,a,a
t6265,b,b,a
t6266,b,b,a
t6267,a,a,b
t6268,a,a,a
t6269,b,b,a
t6270,a,a,b
t6271,b,a,a
t6272,b,b,b
t6273,a,a,a
t6274,b,a,a
t6275,b,b,b
t6276,b,b,b
t6277,a,a,a
t6278,a,a,b
t6279,a,a,b
t6280,a,a,b
t6281,b,b,a
t6282,b,b,a
t6283,a,a,a
t6284,a,a,b
t6285,b,b,a
t6286,b,a,b
t6287,a,a,b
t6288,b,a,a
t6289,b,b,b
t6290,b,a,a
t6291,b,b,b
t6292,b,b,b
t6293,a,a,a
t6294,b,a,b
t6295,b,b,b
t6296,b,b,b
t6297,a,a,b
t6298,b,a,b
t6299,b,b,b
t6300,b,a,a
t6301,a,b,a
t6302,b,b,a
t6303,a,a,a
t6304,b,a,a
t6305,a,b,b
t6306,b,b,a
t6307,a,a,a
t6308,b,a,b
t6309,a,b,b
t6310,a,b,a
t6311,b,b,a
t6312,b,b,a
t6313,a,a,a
t6314,a,b,b
t6315,b,b,b
t6316,b,a,a
t6317,a,a,a
t6318,a,a,b
t6319,a,a,b
t6320,b,a,b
t6321,b,b,b
t6322,b,b,a
t6323,a,a,b
t6324,b,b,b
t6325,a,a,a
t6326,b,b,a
t6327,a,a,a
t6328,a,a,a
t6329,b,b,b
t6330,a,b,a
t6331,a,a,b
t6332,b,b,b
t6333,a,a,b
t6334,b,a,a
t6335,b,b,b
t6336,b,b,b
t6337,a,a,a
t6338,b,a,a
t6339,b,b,b
t6340,a,b,b
t6341,a,b,a
t6342,b,a,a
t6343,a,a,a
t6344,b,b,a
t6345,b,b,a
t6346,b,b,a
t6347,a,a,b
t6348,a,a,a
t6349,b,a,b
t6350,a,b,b
t6351,b,b,a
t6352,b,b,a
t6353,a,a,a
t6354,b,a,a
t6355,b,b,b
t6356,b,b,b
t6357,a,a,a
t6358,b,b,a
t6359,b,a,a
t6360,b,a,b
t6361,b,a,a
t6362,b,a,a
t6363,a,a,b
t6364,b,b,b
t6365,b,b,a
t6366,b,b,a
t6367,a,a,a
t6368,b,b,b
t6369,a,b,a
t6370,a,b,a
t6371,b,a,a
t6372,b,b,b
t6373,a,a,a
t6374,b,b,b
t6375,b,b,a
t6376,b,b,a
t6377,a,a,a
t6378,b,a,a
t6379,a,a,b
t6380,a,a,a
t6381,b,b,a
t6382,b,b,b
t6383,b,a,b
t6384,b,b,a
t6385,a,b,b
t6386,b,b,b
t6387,a,a,a
t6388,b,a,b
t6389,b,b,a
t6390,b,b,a
t6391,b,b,a
t6392,b,b,b
t6393,a,a,b
t6394,b,a,a
t6395,b,b,b
t6396,b,b,b
t6397,a,a,a
t6398,b,b,b
t6399,a,a,a
